attacker_country,target_country,weight
AD,FR,1
AD,KR,1
AD,US,1
AE,AR,1
AE,BG,1
AE,CA,2
AE,CL,3
AE,CN,6
AE,CR,1
AE,DE,6
AE,DK,1
AE,ES,1
AE,FR,2
AE,GB,3
AE,HK,1
AE,IN,1
AE,IT,1
AE,JP,6
AE,KR,4
AE,LT,1
AE,MA,1
AE,MX,1
AE,NZ,1
AE,PE,1
AE,PT,1
AE,QA,1
AE,RU,2
AE,SN,1
AE,US,47
AE,VN,1
AE,ZA,1
AF,CN,1
AF,DK,1
AF,US,2
AG,DE,1
AG,RU,1
AI,MY,1
AL,CA,1
AL,IL,1
AL,IN,1
AL,JP,1
AL,RU,1
AL,US,6
AM,BR,2
AM,CN,3
AM,DE,1
AM,FR,1
AM,IL,1
AM,JP,3
AM,KR,1
AM,NL,1
AM,NO,1
AM,SE,1
AM,US,4
AO,AU,1
AO,CN,3
AO,DE,1
AO,DK,1
AO,ES,1
AO,ID,1
AO,IN,1
AO,IR,1
AO,IT,1
AO,JP,1
AO,PK,1
AO,RU,1
AO,TH,1
AO,US,15
AR,AE,2
AR,AO,1
AR,AR,2
AR,AT,1
AR,AU,3
AR,BE,5
AR,BR,11
AR,CA,6
AR,CH,4
AR,CN,35
AR,CZ,1
AR,DE,14
AR,DK,2
AR,EG,3
AR,ES,2
AR,FI,4
AR,FR,6
AR,GB,13
AR,GR,1
AR,IE,4
AR,IN,12
AR,IR,2
AR,IT,5
AR,JP,26
AR,KE,1
AR,KR,10
AR,KW,1
AR,MA,1
AR,MC,1
AR,MD,1
AR,MX,4
AR,MY,1
AR,NL,3
AR,NO,2
AR,PK,1
AR,PL,1
AR,PR,1
AR,PT,2
AR,RO,1
AR,RU,4
AR,SA,1
AR,SC,1
AR,SD,1
AR,SE,4
AR,SG,3
AR,TN,3
AR,TR,1
AR,TW,3
AR,UG,1
AR,US,180
AR,VE,1
AR,ZA,2
AT,AE,2
AT,AR,2
AT,AT,2
AT,AU,6
AT,BE,1
AT,BR,2
AT,CA,9
AT,CH,1
AT,CN,19
AT,CO,2
AT,DE,10
AT,EG,2
AT,ES,2
AT,ET,1
AT,FI,1
AT,FR,4
AT,GB,6
AT,HK,1
AT,HU,2
AT,ID,2
AT,IE,5
AT,IN,5
AT,IR,1
AT,IT,5
AT,JP,16
AT,KR,7
AT,MA,2
AT,MU,1
AT,MX,2
AT,MY,1
AT,NL,5
AT,NO,2
AT,NZ,1
AT,PL,2
AT,PR,1
AT,RU,3
AT,SE,2
AT,SG,1
AT,TG,1
AT,TR,3
AT,TW,2
AT,UA,1
AT,US,110
AT,VE,1
AT,VN,1
AT,XK,1
AT,ZA,1
AU,AO,1
AU,AR,6
AU,AT,2
AU,AU,12
AU,BE,2
AU,BG,1
AU,BH,1
AU,BJ,1
AU,BR,28
AU,BY,1
AU,CA,17
AU,CH,12
AU,CI,1
AU,CL,5
AU,CN,102
AU,CO,5
AU,CR,2
AU,CZ,3
AU,DE,47
AU,DK,6
AU,DO,1
AU,DZ,2
AU,EC,1
AU,EG,4
AU,ES,10
AU,ET,1
AU,FI,3
AU,FR,20
AU,GA,1
AU,GB,49
AU,GT,2
AU,HK,7
AU,HR,3
AU,ID,8
AU,IE,5
AU,IL,3
AU,IN,20
AU,IR,1
AU,IT,15
AU,JP,59
AU,KE,2
AU,KR,36
AU,KZ,2
AU,LK,1
AU,LT,1
AU,LV,1
AU,MA,7
AU,MM,1
AU,MX,2
AU,NA,1
AU,NG,2
AU,NL,15
AU,NO,3
AU,NZ,2
AU,OM,1
AU,PA,1
AU,PH,1
AU,PL,7
AU,PS,1
AU,PT,2
AU,QA,1
AU,RO,5
AU,RU,10
AU,SA,6
AU,SE,10
AU,SG,10
AU,SI,2
AU,TH,5
AU,TN,1
AU,TR,7
AU,TW,8
AU,UA,5
AU,US,427
AU,VN,5
AU,ZA,9
AX,CA,1
AZ,DE,1
AZ,IN,1
AZ,JP,1
AZ,MA,1
AZ,US,8
BA,CN,3
BA,EG,1
BA,ES,3
BA,GB,2
BA,IN,2
BA,JP,1
BA,MM,1
BA,TH,1
BA,TR,1
BA,US,3
BB,CO,1
BB,US,2
BD,CA,1
BD,CN,4
BD,DE,1
BD,EC,1
BD,ES,1
BD,FR,2
BD,GB,1
BD,IN,2
BD,JP,4
BD,KZ,1
BD,NO,1
BD,PE,1
BD,PL,2
BD,RU,1
BD,SG,1
BD,TH,1
BD,TN,1
BD,TR,1
BD,TW,1
BD,US,20
BE,AR,1
BE,AT,1
BE,AU,2
BE,BA,1
BE,BR,4
BE,CA,4
BE,CH,1
BE,CL,1
BE,CN,26
BE,CR,1
BE,CZ,1
BE,DE,3
BE,DZ,1
BE,EC,1
BE,EG,2
BE,ES,1
BE,FI,1
BE,FR,5
BE,GB,12
BE,GE,1
BE,HU,1
BE,ID,3
BE,IE,1
BE,IN,2
BE,IS,1
BE,IT,4
BE,JP,13
BE,KR,2
BE,LT,1
BE,MA,1
BE,MD,2
BE,MT,1
BE,MX,1
BE,MY,1
BE,NL,3
BE,NO,4
BE,PL,2
BE,PT,1
BE,RO,1
BE,RS,1
BE,RU,4
BE,SA,1
BE,SE,3
BE,SG,4
BE,TR,2
BE,TW,5
BE,UG,1
BE,US,128
BE,VN,3
BE,ZA,2
BF,AU,1
BF,CN,1
BF,DE,1
BF,IL,1
BF,JP,1
BF,KE,1
BF,US,3
BG,AU,4
BG,BR,1
BG,CA,2
BG,CH,1
BG,CL,1
BG,CN,8
BG,DE,1
BG,EG,1
BG,ES,2
BG,FR,3
BG,IN,1
BG,IR,1
BG,JP,5
BG,KR,2
BG,NL,2
BG,PH,1
BG,PT,1
BG,RO,1
BG,SE,1
BG,TR,1
BG,TW,1
BG,US,34
BG,ZM,1
BH,BR,1
BH,CN,1
BH,DE,2
BH,ES,1
BH,FR,3
BH,IN,1
BH,JP,1
BH,KR,1
BH,RU,1
BH,US,7
BH,YT,1
BH,ZA,1
BJ,CN,2
BJ,US,1
BM,CN,1
BN,CN,1
BN,JP,1
BN,NL,1
BN,RS,1
BN,SC,1
BN,US,2
BO,CA,1
BO,CH,1
BO,CN,3
BO,EG,1
BO,ES,1
BO,IT,1
BO,JP,1
BO,US,8
BO,ZA,1
BQ,CN,1
BQ,US,1
BR,AE,3
BR,AG,1
BR,AM,1
BR,AO,2
BR,AR,11
BR,AT,6
BR,AU,25
BR,BA,2
BR,BD,1
BR,BE,4
BR,BG,1
BR,BH,1
BR,BO,1
BR,BR,39
BR,CA,36
BR,CH,15
BR,CL,5
BR,CN,183
BR,CO,7
BR,CR,1
BR,CZ,8
BR,DE,58
BR,DK,7
BR,DO,1
BR,DZ,2
BR,EE,2
BR,EG,15
BR,ES,20
BR,FI,10
BR,FR,39
BR,GB,67
BR,GH,1
BR,GN,1
BR,GR,5
BR,HK,7
BR,HR,2
BR,HU,2
BR,ID,16
BR,IE,6
BR,IL,2
BR,IN,17
BR,IQ,2
BR,IR,8
BR,IT,20
BR,JP,88
BR,KE,5
BR,KG,1
BR,KR,51
BR,KW,1
BR,KZ,3
BR,LK,1
BR,LT,1
BR,MA,5
BR,MD,3
BR,MK,1
BR,MM,1
BR,MU,1
BR,MX,15
BR,MY,3
BR,MZ,1
BR,NG,1
BR,NL,35
BR,NO,11
BR,NZ,3
BR,PH,2
BR,PK,1
BR,PL,12
BR,PR,1
BR,PT,6
BR,PY,1
BR,QA,2
BR,RO,2
BR,RS,2
BR,RU,11
BR,SA,4
BR,SD,1
BR,SE,19
BR,SG,10
BR,SI,1
BR,SK,2
BR,SV,1
BR,SY,1
BR,TH,3
BR,TN,2
BR,TR,9
BR,TW,15
BR,TZ,1
BR,UA,3
BR,UG,1
BR,US,744
BR,UZ,1
BR,VE,2
BR,VI,2
BR,VN,12
BR,ZA,14
BT,DE,1
BW,EG,1
BW,PL,1
BW,US,1
BY,BR,4
BY,CA,1
BY,CN,5
BY,DE,6
BY,EG,1
BY,ES,1
BY,GB,2
BY,JP,1
BY,KR,3
BY,MX,1
BY,MY,1
BY,NO,1
BY,PL,1
BY,QA,1
BY,US,17
BY,UY,1
BZ,FR,1
BZ,US,1
CA,AE,3
CA,AO,1
CA,AR,13
CA,AT,5
CA,AU,18
CA,BD,1
CA,BE,3
CA,BO,1
CA,BR,35
CA,CA,38
CA,CH,10
CA,CI,1
CA,CL,4
CA,CN,137
CA,CO,7
CA,CR,2
CA,CZ,1
CA,DE,58
CA,DK,7
CA,DO,2
CA,DZ,1
CA,EC,1
CA,EG,5
CA,ES,9
CA,FI,3
CA,FR,27
CA,GB,43
CA,GF,1
CA,GH,1
CA,GR,1
CA,HK,9
CA,HR,2
CA,HU,2
CA,ID,11
CA,IE,9
CA,IL,5
CA,IN,24
CA,IR,10
CA,IT,25
CA,JP,79
CA,KE,3
CA,KR,43
CA,KZ,1
CA,LC,1
CA,LT,3
CA,LV,1
CA,MA,4
CA,MU,3
CA,MX,18
CA,MY,5
CA,NG,5
CA,NL,25
CA,NO,8
CA,NZ,1
CA,PE,2
CA,PH,2
CA,PK,3
CA,PL,10
CA,PT,5
CA,QA,1
CA,RO,3
CA,RS,1
CA,RU,16
CA,SC,1
CA,SD,2
CA,SE,13
CA,SG,7
CA,SI,2
CA,SK,1
CA,SV,2
CA,TH,7
CA,TN,2
CA,TR,8
CA,TW,21
CA,UA,2
CA,US,622
CA,VE,2
CA,VN,9
CA,ZA,6
CD,JP,1
CD,US,1
CF,JP,1
CG,AR,1
CH,AM,1
CH,AR,3
CH,AT,3
CH,AU,4
CH,BI,1
CH,BR,11
CH,BS,1
CH,CA,9
CH,CH,4
CH,CL,1
CH,CN,37
CH,CO,2
CH,CU,1
CH,DE,22
CH,DK,3
CH,DZ,1
CH,EC,1
CH,EG,1
CH,ES,5
CH,FI,3
CH,FR,15
CH,GB,20
CH,GE,1
CH,HK,1
CH,HU,1
CH,ID,1
CH,IE,3
CH,IL,2
CH,IR,2
CH,IT,3
CH,JP,22
CH,KE,2
CH,KR,10
CH,KW,2
CH,LU,1
CH,MA,1
CH,MX,4
CH,MY,1
CH,NG,1
CH,NL,8
CH,NO,1
CH,PE,1
CH,PH,1
CH,PK,1
CH,PL,3
CH,RU,6
CH,SA,2
CH,SE,6
CH,SG,4
CH,SI,1
CH,SK,1
CH,TN,1
CH,TR,5
CH,TT,1
CH,TW,4
CH,UA,2
CH,US,202
CH,VN,1
CH,ZA,5
CI,AU,3
CI,BR,1
CI,CA,2
CI,CH,1
CI,CN,3
CI,GB,3
CI,HK,1
CI,IN,1
CI,IT,3
CI,JP,4
CI,KR,1
CI,MD,1
CI,NL,1
CI,NZ,1
CI,PE,1
CI,RU,1
CI,TN,1
CI,US,18
CL,AE,1
CL,AR,1
CL,AU,1
CL,BE,1
CL,BR,2
CL,CA,4
CL,CH,1
CL,CN,20
CL,CO,1
CL,DE,6
CL,EG,2
CL,ES,1
CL,FI,1
CL,FR,3
CL,GB,8
CL,ID,2
CL,IE,2
CL,IN,10
CL,IT,6
CL,JP,13
CL,KE,1
CL,KR,6
CL,MA,2
CL,MD,1
CL,MX,3
CL,NL,7
CL,NO,1
CL,NZ,1
CL,PL,1
CL,RE,1
CL,RO,1
CL,RW,1
CL,SE,1
CL,SG,1
CL,SY,1
CL,TN,1
CL,TW,3
CL,UA,2
CL,US,91
CL,UY,1
CL,VN,1
CL,YE,1
CM,BO,1
CM,BR,1
CM,FR,2
CM,GB,1
CM,JP,1
CM,TW,1
CM,US,5
CN,AE,14
CN,AF,1
CN,AL,2
CN,AM,2
CN,AO,2
CN,AR,32
CN,AT,23
CN,AU,119
CN,AX,1
CN,AZ,1
CN,BD,2
CN,BE,34
CN,BF,1
CN,BG,7
CN,BH,2
CN,BJ,1
CN,BM,1
CN,BR,186
CN,BW,1
CN,BY,2
CN,CA,134
CN,CF,1
CN,CH,34
CN,CI,2
CN,CL,21
CN,CM,2
CN,CN,641
CN,CO,31
CN,CR,10
CN,CU,1
CN,CY,2
CN,CZ,14
CN,DE,265
CN,DK,25
CN,DO,8
CN,DZ,12
CN,EC,4
CN,EE,2
CN,EG,53
CN,ES,81
CN,FI,29
CN,FR,154
CN,GA,1
CN,GB,274
CN,GE,3
CN,GH,4
CN,GI,1
CN,GL,1
CN,GM,2
CN,GR,12
CN,GT,2
CN,HK,45
CN,HR,4
CN,HU,15
CN,ID,37
CN,IE,26
CN,IL,22
CN,IN,87
CN,IQ,1
CN,IR,14
CN,IS,1
CN,IT,104
CN,JP,390
CN,KE,16
CN,KG,1
CN,KH,1
CN,KR,220
CN,KW,3
CN,KZ,10
CN,LA,1
CN,LK,2
CN,LT,6
CN,LU,3
CN,LV,3
CN,MA,22
CN,MC,1
CN,MD,7
CN,MG,5
CN,ML,1
CN,MO,1
CN,MT,2
CN,MU,5
CN,MX,50
CN,MY,15
CN,NC,1
CN,NG,4
CN,NI,2
CN,NL,98
CN,NO,32
CN,NZ,20
CN,OM,1
CN,PA,4
CN,PE,9
CN,PH,10
CN,PK,9
CN,PL,36
CN,PR,2
CN,PS,2
CN,PT,16
CN,PY,6
CN,QA,3
CN,RE,1
CN,RO,17
CN,RS,3
CN,RU,79
CN,SA,20
CN,SC,4
CN,SD,2
CN,SE,55
CN,SG,49
CN,SI,2
CN,SK,8
CN,SV,2
CN,SY,3
CN,TH,19
CN,TN,11
CN,TR,28
CN,TW,68
CN,TZ,2
CN,UA,23
CN,UG,1
CN,US,2884
CN,UY,2
CN,UZ,1
CN,VE,17
CN,VN,43
CN,ZA,69
CN,ZM,5
CN,ZW,1
CO,AR,1
CO,AU,6
CO,BE,4
CO,BO,1
CO,BR,9
CO,CA,4
CO,CH,4
CO,CL,2
CO,CN,31
CO,CO,2
CO,DE,14
CO,DK,1
CO,EG,2
CO,ES,2
CO,FI,2
CO,FR,7
CO,GB,12
CO,HK,2
CO,ID,5
CO,IE,1
CO,IN,2
CO,IT,7
CO,JP,13
CO,KR,13
CO,LU,1
CO,MA,1
CO,MX,2
CO,NL,3
CO,OM,1
CO,PL,1
CO,PT,1
CO,RU,6
CO,SA,1
CO,SE,2
CO,SG,3
CO,TH,2
CO,TR,4
CO,TW,7
CO,UA,2
CO,US,170
CO,YE,1
CO,ZA,3
CR,BE,1
CR,BR,1
CR,CA,4
CR,CN,5
CR,DK,1
CR,DZ,1
CR,GB,2
CR,IN,1
CR,IT,1
CR,JP,3
CR,KR,2
CR,MA,1
CR,MX,1
CR,TH,1
CR,US,26
CU,BR,1
CU,FI,1
CU,NL,1
CU,US,1
CW,IN,1
CW,LV,1
CW,MU,1
CW,US,3
CY,CN,2
CY,DE,1
CY,DK,1
CY,IL,1
CY,JP,1
CY,NL,1
CY,TR,1
CY,TW,2
CY,US,11
CZ,AE,1
CZ,AR,1
CZ,AU,3
CZ,BE,2
CZ,BR,3
CZ,CA,3
CZ,CN,16
CZ,CO,1
CZ,CZ,2
CZ,DE,5
CZ,DK,2
CZ,EG,3
CZ,ES,1
CZ,FR,4
CZ,GB,4
CZ,GH,1
CZ,HK,2
CZ,HU,1
CZ,ID,2
CZ,IL,1
CZ,IN,2
CZ,IR,1
CZ,IT,1
CZ,JP,12
CZ,KR,5
CZ,KZ,1
CZ,MA,1
CZ,MX,2
CZ,MY,1
CZ,NL,4
CZ,PK,1
CZ,PL,1
CZ,RU,4
CZ,SG,2
CZ,TH,1
CZ,TR,1
CZ,TW,2
CZ,US,80
CZ,VC,1
CZ,VE,1
CZ,VN,1
CZ,ZM,1
DE,AE,4
DE,AL,1
DE,AR,7
DE,AT,7
DE,AU,45
DE,AZ,1
DE,BB,1
DE,BD,2
DE,BE,11
DE,BG,3
DE,BH,1
DE,BO,2
DE,BR,75
DE,BY,1
DE,CA,62
DE,CH,21
DE,CL,6
DE,CN,257
DE,CO,12
DE,CR,3
DE,CY,1
DE,CZ,5
DE,DE,99
DE,DK,11
DE,DO,2
DE,DZ,4
DE,EC,1
DE,EE,1
DE,EG,19
DE,ES,21
DE,FI,4
DE,FJ,1
DE,FR,57
DE,GB,93
DE,GR,2
DE,GT,1
DE,HK,15
DE,HN,1
DE,HU,5
DE,ID,16
DE,IE,18
DE,IL,4
DE,IN,35
DE,IQ,1
DE,IR,10
DE,IT,31
DE,JP,148
DE,KE,3
DE,KH,1
DE,KR,91
DE,KZ,2
DE,LB,1
DE,LK,1
DE,LU,1
DE,LV,2
DE,LY,1
DE,MA,7
DE,MO,1
DE,MU,2
DE,MX,20
DE,MY,6
DE,NG,1
DE,NI,1
DE,NL,49
DE,NO,8
DE,NZ,2
DE,OM,2
DE,PE,1
DE,PH,6
DE,PK,2
DE,PL,14
DE,PR,1
DE,PS,3
DE,PT,5
DE,PW,1
DE,RE,1
DE,RO,3
DE,RS,1
DE,RU,38
DE,RW,1
DE,SA,9
DE,SC,2
DE,SD,3
DE,SE,20
DE,SG,20
DE,SI,2
DE,SK,1
DE,TG,1
DE,TH,9
DE,TN,8
DE,TR,9
DE,TW,26
DE,UA,12
DE,UG,3
DE,US,1118
DE,UY,2
DE,VE,12
DE,VG,1
DE,VN,5
DE,XK,1
DE,YE,2
DE,ZA,24
DE,ZM,2
DE,ZW,1
DJ,CA,1
DK,AR,2
DK,AT,1
DK,AU,8
DK,BE,2
DK,BR,6
DK,CA,6
DK,CL,3
DK,CN,26
DK,CY,2
DK,CZ,1
DK,DE,6
DK,DK,4
DK,ES,1
DK,FI,1
DK,FR,5
DK,GB,5
DK,GR,1
DK,HK,2
DK,HU,1
DK,IE,1
DK,IL,1
DK,IN,2
DK,IT,3
DK,JP,14
DK,KR,10
DK,MA,1
DK,MC,1
DK,MX,5
DK,NL,2
DK,NZ,3
DK,PE,2
DK,PK,1
DK,PL,1
DK,RU,2
DK,SA,1
DK,SE,3
DK,SG,3
DK,TH,2
DK,TW,3
DK,US,106
DK,VN,2
DO,AU,1
DO,BR,2
DO,CA,1
DO,CH,1
DO,CN,2
DO,CO,1
DO,DE,3
DO,ES,3
DO,FI,2
DO,GB,5
DO,IN,1
DO,JP,3
DO,KR,1
DO,KZ,1
DO,MY,2
DO,NO,2
DO,TW,1
DO,US,13
DZ,AT,1
DZ,AU,2
DZ,BE,1
DZ,BR,3
DZ,CA,1
DZ,CN,10
DZ,CO,1
DZ,DE,5
DZ,ES,2
DZ,FR,2
DZ,GB,4
DZ,IN,3
DZ,IT,1
DZ,JP,5
DZ,KR,3
DZ,KZ,1
DZ,MX,1
DZ,NO,1
DZ,PK,1
DZ,RO,1
DZ,RU,2
DZ,TH,1
DZ,TW,1
DZ,US,44
DZ,UZ,1
DZ,VE,1
DZ,VN,1
EC,AU,1
EC,BR,1
EC,CA,2
EC,CN,2
EC,CZ,1
EC,DE,3
EC,DZ,1
EC,ES,1
EC,FR,2
EC,GB,4
EC,IE,2
EC,IL,1
EC,IN,1
EC,JP,6
EC,KE,1
EC,KR,3
EC,NL,1
EC,PH,1
EC,RS,1
EC,RU,1
EC,UA,1
EC,US,22
EE,CA,1
EE,CN,5
EE,DE,2
EE,IE,1
EE,JP,2
EE,KR,1
EE,MY,1
EE,PK,2
EE,RU,1
EE,SE,1
EE,SY,1
EE,US,16
EG,AT,3
EG,AU,6
EG,BE,4
EG,BR,12
EG,CA,8
EG,CH,1
EG,CI,1
EG,CL,1
EG,CN,49
EG,CO,4
EG,DE,15
EG,DK,3
EG,DZ,2
EG,EG,3
EG,ES,5
EG,FI,1
EG,FR,13
EG,GB,19
EG,GE,1
EG,GM,1
EG,HK,5
EG,HU,2
EG,ID,3
EG,IE,1
EG,IN,11
EG,IQ,1
EG,IR,2
EG,IT,12
EG,JP,26
EG,KR,20
EG,MA,1
EG,MU,1
EG,MX,4
EG,MY,1
EG,NL,13
EG,NO,3
EG,NZ,2
EG,PH,1
EG,PL,4
EG,PT,2
EG,RS,1
EG,RU,8
EG,SA,2
EG,SE,8
EG,SG,2
EG,SK,1
EG,TH,5
EG,TN,1
EG,TR,2
EG,TW,5
EG,UA,1
EG,UG,2
EG,US,193
EG,UY,2
EG,VE,3
EG,VN,4
EG,ZA,1
ER,CN,1
ES,AE,2
ES,AO,1
ES,AR,5
ES,AT,1
ES,AU,9
ES,AZ,1
ES,BD,2
ES,BE,2
ES,BR,15
ES,CA,13
ES,CH,3
ES,CL,1
ES,CN,69
ES,CO,2
ES,CR,1
ES,CZ,1
ES,DE,26
ES,DK,2
ES,DO,1
ES,EC,2
ES,EG,10
ES,ES,11
ES,FI,4
ES,FJ,1
ES,FR,17
ES,GA,1
ES,GB,24
ES,GR,1
ES,GU,1
ES,HK,5
ES,HR,1
ES,ID,1
ES,IE,1
ES,IL,5
ES,IN,14
ES,IR,1
ES,IT,18
ES,JP,45
ES,KE,1
ES,KR,29
ES,KW,1
ES,MA,1
ES,MM,1
ES,MX,5
ES,MY,4
ES,MZ,1
ES,NG,1
ES,NL,7
ES,NO,4
ES,NZ,1
ES,PH,2
ES,PK,2
ES,PL,6
ES,PR,1
ES,PY,1
ES,RO,2
ES,RU,10
ES,SA,5
ES,SC,1
ES,SD,1
ES,SE,9
ES,SG,3
ES,SK,3
ES,TN,1
ES,TR,3
ES,TW,6
ES,US,297
ES,UY,1
ES,VE,2
ES,VN,4
ES,ZA,4
ET,CA,1
ET,EG,1
ET,GB,1
ET,KR,1
ET,TW,1
ET,US,3
FI,AE,1
FI,AR,2
FI,AU,3
FI,AW,1
FI,BE,2
FI,BR,9
FI,BZ,1
FI,CA,6
FI,CH,3
FI,CL,2
FI,CN,29
FI,CO,2
FI,DE,9
FI,DZ,2
FI,EC,1
FI,ES,2
FI,FI,1
FI,FR,6
FI,GB,13
FI,GE,1
FI,GR,1
FI,HK,2
FI,ID,1
FI,IL,1
FI,IN,2
FI,IR,2
FI,IT,2
FI,JP,19
FI,KE,1
FI,KR,8
FI,LB,1
FI,LV,1
FI,MA,2
FI,MD,1
FI,MW,1
FI,MX,3
FI,MY,1
FI,NL,2
FI,NO,1
FI,PH,1
FI,PK,1
FI,PL,1
FI,RO,1
FI,RU,7
FI,SA,2
FI,SE,3
FI,SG,3
FI,TN,1
FI,TW,2
FI,US,127
FI,UY,1
FI,ZA,4
FJ,AU,1
FJ,DE,1
FJ,US,1
FM,DE,1
FR,AE,2
FR,AO,1
FR,AR,7
FR,AT,12
FR,AU,20
FR,AW,1
FR,BA,1
FR,BD,2
FR,BE,3
FR,BR,26
FR,BY,1
FR,CA,27
FR,CH,8
FR,CI,1
FR,CL,5
FR,CN,155
FR,CO,11
FR,CU,1
FR,CZ,7
FR,DE,73
FR,DK,4
FR,DZ,2
FR,EC,1
FR,EG,13
FR,ES,12
FR,FI,10
FR,FR,37
FR,GB,61
FR,GE,1
FR,GF,1
FR,GH,1
FR,GR,2
FR,HK,12
FR,HR,3
FR,HU,2
FR,ID,8
FR,IE,6
FR,IL,9
FR,IN,25
FR,IR,3
FR,IT,28
FR,JP,97
FR,KE,3
FR,KH,1
FR,KR,55
FR,KW,1
FR,KZ,1
FR,LT,1
FR,LV,1
FR,MA,7
FR,MG,1
FR,MT,1
FR,MU,1
FR,MX,14
FR,MY,5
FR,NA,1
FR,NG,1
FR,NL,24
FR,NO,7
FR,NZ,4
FR,PE,1
FR,PH,1
FR,PK,2
FR,PL,10
FR,PY,1
FR,QA,1
FR,RO,6
FR,RS,1
FR,RU,23
FR,SA,4
FR,SD,1
FR,SE,11
FR,SG,8
FR,SI,1
FR,SK,1
FR,SV,1
FR,TH,7
FR,TN,4
FR,TR,8
FR,TW,12
FR,UA,3
FR,UG,1
FR,US,689
FR,UY,2
FR,VE,4
FR,VN,8
FR,ZA,15
FR,ZM,1
FR,ZW,1
GA,ES,1
GA,KR,1
GA,NO,1
GA,US,4
GB,AE,3
GB,AO,1
GB,AR,11
GB,AT,7
GB,AU,46
GB,BD,2
GB,BE,10
GB,BG,5
GB,BN,1
GB,BR,66
GB,BY,1
GB,CA,53
GB,CH,14
GB,CL,8
GB,CN,252
GB,CO,11
GB,CR,1
GB,CU,1
GB,CZ,8
GB,DE,98
GB,DK,11
GB,DO,2
GB,DZ,5
GB,EE,2
GB,EG,15
GB,ES,19
GB,FI,9
GB,FJ,1
GB,FR,61
GB,GB,89
GB,GE,1
GB,GH,2
GB,GR,3
GB,GT,1
GB,HK,11
GB,HR,1
GB,HU,6
GB,ID,21
GB,IE,15
GB,IL,8
GB,IN,30
GB,IQ,1
GB,IR,7
GB,IS,2
GB,IT,31
GB,JE,1
GB,JM,1
GB,JO,1
GB,JP,142
GB,KE,7
GB,KR,91
GB,KY,1
GB,KZ,4
GB,LT,6
GB,LU,1
GB,LV,1
GB,MA,7
GB,MC,1
GB,MD,2
GB,MK,1
GB,MX,25
GB,MY,4
GB,MZ,1
GB,NG,4
GB,NI,1
GB,NL,44
GB,NO,9
GB,NZ,3
GB,OM,1
GB,PA,2
GB,PE,3
GB,PH,4
GB,PK,3
GB,PL,13
GB,PR,1
GB,PT,4
GB,RE,2
GB,RO,7
GB,RU,28
GB,SA,5
GB,SE,28
GB,SG,17
GB,SK,1
GB,SL,1
GB,SV,1
GB,SZ,1
GB,TH,9
GB,TN,7
GB,TR,13
GB,TW,31
GB,UA,9
GB,US,1109
GB,UZ,2
GB,VE,3
GB,VI,1
GB,VN,8
GB,ZA,23
GB,ZM,1
GD,US,1
GE,BR,1
GE,CN,3
GE,DE,1
GE,GB,3
GE,HK,1
GE,JP,1
GE,LK,1
GE,PT,1
GE,US,10
GE,VN,1
GE,ZA,1
GF,US,2
GH,BD,1
GH,CA,2
GH,CH,1
GH,CN,1
GH,CO,1
GH,DE,2
GH,EG,1
GH,IE,1
GH,IN,2
GH,JP,4
GH,KR,1
GH,PL,1
GH,TR,1
GH,US,13
GI,CA,1
GI,MY,1
GL,FR,1
GL,TR,1
GM,NL,1
GN,CA,1
GP,AU,1
GP,BR,2
GP,CN,1
GP,GB,1
GP,US,2
GQ,DK,1
GR,AU,5
GR,BE,1
GR,BR,2
GR,CA,2
GR,CH,3
GR,CN,15
GR,DE,7
GR,ES,2
GR,FI,1
GR,FR,1
GR,GB,7
GR,IN,2
GR,IT,4
GR,JP,3
GR,KR,6
GR,MA,1
GR,MX,1
GR,NL,1
GR,PH,1
GR,PL,1
GR,PS,1
GR,RU,2
GR,SE,1
GR,SG,1
GR,TH,1
GR,TR,1
GR,TW,1
GR,US,49
GT,BR,1
GT,CN,3
GT,HK,1
GT,JP,1
GT,KR,1
GT,NL,2
GT,US,8
GU,MX,1
GU,US,2
GW,IT,1
GY,US,1
HK,AE,2
HK,AO,1
HK,AR,2
HK,AT,1
HK,AU,5
HK,BD,1
HK,BG,1
HK,BR,8
HK,CA,11
HK,CL,1
HK,CN,38
HK,CO,4
HK,CR,1
HK,CW,1
HK,CZ,2
HK,DE,12
HK,DK,2
HK,EC,2
HK,EG,3
HK,ES,1
HK,FI,1
HK,FR,11
HK,GB,14
HK,GE,1
HK,GH,1
HK,GR,1
HK,HK,6
HK,ID,4
HK,IE,3
HK,IN,5
HK,IR,2
HK,IT,9
HK,JP,29
HK,KE,2
HK,KR,13
HK,KW,1
HK,LK,1
HK,LT,1
HK,MA,1
HK,MX,2
HK,MY,1
HK,NL,6
HK,NO,1
HK,NZ,1
HK,PL,2
HK,PT,1
HK,RU,6
HK,SA,2
HK,SC,2
HK,SE,3
HK,SG,3
HK,SI,1
HK,TH,2
HK,TN,1
HK,TR,1
HK,TW,3
HK,UG,1
HK,US,178
HK,VN,2
HK,ZA,1
HN,BR,1
HN,CN,1
HN,CU,1
HN,DE,2
HN,IN,1
HN,US,3
HR,AU,2
HR,CA,3
HR,CN,4
HR,DE,1
HR,EG,1
HR,ES,1
HR,FR,1
HR,HR,2
HR,IE,1
HR,JP,4
HR,KR,1
HR,MX,2
HR,SG,1
HR,US,23
HT,ES,1
HT,US,2
HU,AR,1
HU,AT,1
HU,BA,1
HU,BR,3
HU,CA,2
HU,CN,14
HU,CO,1
HU,DE,4
HU,EG,1
HU,ES,3
HU,FR,3
HU,GB,9
HU,GR,1
HU,IS,1
HU,IT,2
HU,JP,11
HU,KR,1
HU,MO,1
HU,MX,2
HU,NL,3
HU,NO,1
HU,PK,1
HU,PL,1
HU,PT,1
HU,RU,1
HU,SD,1
HU,SE,2
HU,TW,1
HU,US,47
HU,ZA,2
ID,AM,1
ID,AR,2
ID,AT,1
ID,AU,7
ID,BA,1
ID,BE,1
ID,BG,1
ID,BR,12
ID,CA,6
ID,CH,6
ID,CL,1
ID,CN,37
ID,CO,2
ID,CR,1
ID,DE,10
ID,DK,1
ID,EG,2
ID,ES,2
ID,FR,10
ID,GB,13
ID,GE,1
ID,GR,2
ID,HK,4
ID,HR,1
ID,ID,7
ID,IL,1
ID,IN,6
ID,IR,2
ID,IT,7
ID,JP,27
ID,KR,12
ID,KZ,1
ID,LT,1
ID,MA,2
ID,MD,1
ID,MU,1
ID,MX,5
ID,MY,1
ID,NL,9
ID,NO,2
ID,PE,1
ID,PH,1
ID,RO,1
ID,RU,6
ID,SA,2
ID,SE,3
ID,SG,3
ID,TR,2
ID,TT,2
ID,TW,3
ID,UA,1
ID,US,175
ID,UY,1
ID,VE,1
ID,VN,2
ID,ZA,2
ID,ZM,1
IE,AE,1
IE,AT,1
IE,AU,4
IE,BE,3
IE,BR,8
IE,CA,5
IE,CH,5
IE,CN,34
IE,CO,2
IE,CZ,1
IE,DE,15
IE,DK,1
IE,EC,1
IE,EG,2
IE,ES,1
IE,FI,2
IE,FR,9
IE,GB,9
IE,GH,1
IE,HK,2
IE,HR,1
IE,HU,1
IE,ID,2
IE,IE,2
IE,IN,6
IE,IR,1
IE,IT,7
IE,JP,18
IE,KE,1
IE,KR,22
IE,LB,1
IE,LV,1
IE,MA,1
IE,MG,1
IE,MU,1
IE,MX,6
IE,NC,1
IE,NG,1
IE,NL,9
IE,NP,1
IE,NZ,1
IE,PK,1
IE,PL,2
IE,PT,1
IE,RU,6
IE,SA,1
IE,SD,1
IE,SE,4
IE,SG,5
IE,TH,1
IE,TN,1
IE,TR,1
IE,TW,5
IE,US,146
IE,VN,1
IE,ZA,4
IE,ZM,1
IL,AE,1
IL,AR,2
IL,AU,4
IL,BR,2
IL,CA,2
IL,CN,18
IL,DE,11
IL,DO,1
IL,EC,1
IL,EG,2
IL,ES,2
IL,FI,1
IL,FR,2
IL,GB,3
IL,GR,1
IL,HK,1
IL,ID,2
IL,IE,1
IL,IL,1
IL,IN,2
IL,IT,3
IL,JP,11
IL,KR,4
IL,KW,1
IL,LV,1
IL,MX,3
IL,NL,5
IL,NO,1
IL,NZ,2
IL,PK,2
IL,PL,1
IL,RU,2
IL,SA,1
IL,SE,3
IL,SG,2
IL,SI,1
IL,SN,1
IL,TR,2
IL,TW,3
IL,UG,1
IL,US,80
IL,VN,1
IL,ZA,3
IM,BR,1
IM,CA,1
IM,US,1
IN,AE,2
IN,AL,1
IN,AR,6
IN,AT,1
IN,AU,12
IN,BD,1
IN,BE,5
IN,BF,1
IN,BG,1
IN,BH,2
IN,BJ,1
IN,BO,1
IN,BR,25
IN,BY,2
IN,CA,22
IN,CH,5
IN,CL,2
IN,CN,83
IN,CO,6
IN,CR,2
IN,CY,1
IN,CZ,4
IN,DE,31
IN,DK,6
IN,EG,5
IN,ES,10
IN,FI,6
IN,FR,21
IN,GB,39
IN,GE,1
IN,GM,1
IN,HK,7
IN,HR,1
IN,ID,4
IN,IE,4
IN,IL,4
IN,IN,9
IN,IR,1
IN,IT,7
IN,JM,1
IN,JP,52
IN,KE,1
IN,KR,30
IN,KW,1
IN,KZ,1
IN,LU,1
IN,MA,5
IN,MU,1
IN,MX,8
IN,MY,6
IN,NL,15
IN,NO,7
IN,NZ,2
IN,PA,2
IN,PE,3
IN,PH,1
IN,PK,1
IN,PL,5
IN,PR,1
IN,PS,2
IN,PT,4
IN,RU,11
IN,SA,2
IN,SC,1
IN,SD,1
IN,SE,12
IN,SG,7
IN,SI,2
IN,SV,1
IN,TH,2
IN,TN,4
IN,TR,6
IN,TW,18
IN,UA,2
IN,US,397
IN,UY,3
IN,VE,1
IN,VN,6
IN,ZA,7
IQ,BE,1
IQ,CN,2
IQ,GB,2
IQ,IN,1
IQ,JP,2
IQ,KR,2
IQ,TW,1
IQ,US,7
IR,AT,2
IR,AU,4
IR,BE,1
IR,BR,6
IR,CA,5
IR,CH,3
IR,CL,1
IR,CN,22
IR,CR,1
IR,CZ,2
IR,DE,10
IR,DK,1
IR,EG,1
IR,ES,4
IR,FI,3
IR,FR,3
IR,GB,12
IR,HK,1
IR,ID,1
IR,IE,1
IR,IL,2
IR,IN,4
IR,IT,4
IR,JP,14
IR,KR,10
IR,LT,1
IR,LV,1
IR,MX,2
IR,NL,4
IR,NO,1
IR,NZ,1
IR,PE,2
IR,PK,1
IR,PL,1
IR,PS,1
IR,PT,2
IR,RU,2
IR,SE,1
IR,TW,1
IR,US,86
IR,UY,1
IR,UZ,1
IR,VN,2
IR,ZA,1
IS,AU,1
IS,BW,1
IS,CA,1
IS,CN,1
IS,DE,1
IS,GB,1
IS,GR,1
IS,ID,1
IS,IE,1
IS,IT,1
IS,JP,1
IS,MX,2
IS,NG,1
IS,NZ,1
IS,US,5
IS,ZA,1
IT,AE,1
IT,AO,1
IT,AR,3
IT,AT,3
IT,AU,17
IT,BD,2
IT,BE,7
IT,BG,2
IT,BH,2
IT,BO,1
IT,BR,19
IT,BY,2
IT,CA,21
IT,CH,6
IT,CI,1
IT,CL,5
IT,CN,111
IT,CO,2
IT,CR,2
IT,CZ,1
IT,DE,45
IT,DK,3
IT,DZ,2
IT,EC,1
IT,ES,13
IT,FI,2
IT,FR,25
IT,GB,51
IT,GH,1
IT,GR,3
IT,GT,1
IT,HK,11
IT,HR,1
IT,HU,1
IT,ID,7
IT,IE,6
IT,IL,3
IT,IN,15
IT,IR,6
IT,IS,2
IT,IT,19
IT,JE,1
IT,JP,50
IT,KE,3
IT,KR,37
IT,KZ,2
IT,LB,1
IT,LK,1
IT,LU,2
IT,LV,1
IT,MA,5
IT,MU,2
IT,MX,5
IT,MY,3
IT,NG,1
IT,NL,22
IT,NO,5
IT,NZ,4
IT,OM,1
IT,PA,1
IT,PE,4
IT,PH,1
IT,PK,3
IT,PL,3
IT,PS,1
IT,PT,2
IT,QA,1
IT,RE,1
IT,RS,3
IT,RU,15
IT,SA,2
IT,SD,1
IT,SE,13
IT,SG,7
IT,SY,2
IT,TH,2
IT,TN,6
IT,TR,2
IT,TW,9
IT,TZ,1
IT,UA,2
IT,US,487
IT,UY,2
IT,VN,5
IT,ZA,9
JE,DE,1
JE,US,1
JM,DE,1
JM,NL,1
JM,US,1
JO,DE,1
JO,NL,1
JO,TN,1
JO,US,7
JP,AD,1
JP,AE,2
JP,AM,1
JP,AR,20
JP,AT,15
JP,AU,63
JP,AZ,1
JP,BA,3
JP,BB,1
JP,BD,2
JP,BE,12
JP,BG,2
JP,BH,1
JP,BM,1
JP,BR,95
JP,BY,3
JP,CA,76
JP,CH,33
JP,CI,2
JP,CL,10
JP,CM,1
JP,CN,392
JP,CO,14
JP,CR,3
JP,CU,1
JP,CY,3
JP,CZ,12
JP,DE,152
JP,DK,16
JP,DO,3
JP,DZ,4
JP,EC,4
JP,EE,2
JP,EG,22
JP,ES,33
JP,FI,19
JP,FR,99
JP,GB,142
JP,GE,2
JP,GH,2
JP,GI,1
JP,GR,6
JP,GT,1
JP,GU,1
JP,HK,19
JP,HR,1
JP,HU,7
JP,ID,22
JP,IE,16
JP,IL,5
JP,IN,54
JP,IQ,2
JP,IR,12
JP,IS,1
JP,IT,64
JP,JO,1
JP,JP,203
JP,KE,6
JP,KH,1
JP,KR,132
JP,KW,2
JP,KZ,1
JP,LT,2
JP,LU,1
JP,LV,3
JP,MA,9
JP,MD,2
JP,MK,1
JP,MU,3
JP,MW,1
JP,MX,33
JP,MY,15
JP,NG,8
JP,NL,46
JP,NO,21
JP,NZ,5
JP,OM,2
JP,PA,2
JP,PE,8
JP,PH,7
JP,PK,5
JP,PL,24
JP,PT,5
JP,PY,3
JP,QA,2
JP,RE,1
JP,RO,8
JP,RS,6
JP,RU,49
JP,SA,14
JP,SD,2
JP,SE,35
JP,SG,29
JP,SI,2
JP,SK,5
JP,SV,2
JP,SY,1
JP,TH,16
JP,TN,14
JP,TR,13
JP,TT,1
JP,TW,47
JP,TZ,1
JP,UA,18
JP,UG,2
JP,US,1669
JP,UY,3
JP,UZ,1
JP,VE,13
JP,VN,16
JP,YE,1
JP,ZA,35
KE,AT,1
KE,AU,1
KE,BE,1
KE,BR,4
KE,CA,2
KE,CH,1
KE,CL,1
KE,CN,10
KE,CO,1
KE,DE,6
KE,EC,1
KE,EG,1
KE,ES,1
KE,FR,4
KE,GB,6
KE,HR,1
KE,IT,2
KE,JP,7
KE,KE,1
KE,KG,1
KE,KR,3
KE,MA,1
KE,MX,1
KE,NL,2
KE,NO,1
KE,OM,1
KE,PT,1
KE,RU,2
KE,SA,2
KE,TH,1
KE,TR,2
KE,TW,1
KE,US,48
KE,VN,3
KE,ZA,1
KG,CN,3
KG,EG,1
KG,SE,1
KG,US,2
KH,AR,1
KH,EG,1
KH,GB,2
KH,IT,1
KH,JP,1
KH,KR,1
KH,SE,1
KH,US,3
KH,ZA,1
KN,US,1
KR,AE,1
KR,AM,1
KR,AO,2
KR,AR,8
KR,AT,5
KR,AU,37
KR,AZ,1
KR,BD,1
KR,BE,12
KR,BG,2
KR,BH,2
KR,BR,53
KR,BY,1
KR,CA,44
KR,CH,16
KR,CL,4
KR,CM,1
KR,CN,227
KR,CO,6
KR,CR,2
KR,CU,1
KR,CW,1
KR,CZ,7
KR,DE,73
KR,DK,9
KR,DZ,3
KR,EC,1
KR,EG,17
KR,ES,22
KR,ET,1
KR,FI,9
KR,FR,62
KR,GB,93
KR,GH,2
KR,GR,4
KR,HK,13
KR,HU,1
KR,ID,11
KR,IE,10
KR,IL,4
KR,IN,38
KR,IQ,1
KR,IR,8
KR,IS,1
KR,IT,21
KR,JP,132
KR,KE,3
KR,KH,1
KR,KR,69
KR,LB,1
KR,LK,1
KR,LT,2
KR,LU,1
KR,MA,7
KR,MK,1
KR,MT,1
KR,MX,16
KR,MY,4
KR,NC,1
KR,NG,2
KR,NL,23
KR,NO,6
KR,NP,1
KR,NZ,4
KR,OM,1
KR,PA,1
KR,PH,12
KR,PK,9
KR,PL,20
KR,PS,1
KR,PT,6
KR,QA,1
KR,RO,4
KR,RS,1
KR,RU,29
KR,SA,9
KR,SC,1
KR,SD,3
KR,SE,18
KR,SG,18
KR,SK,1
KR,SV,1
KR,SY,1
KR,TH,7
KR,TN,5
KR,TR,10
KR,TT,1
KR,TW,28
KR,TZ,2
KR,UA,6
KR,UG,2
KR,US,1016
KR,VE,7
KR,VN,7
KR,YE,1
KR,ZA,13
KW,AR,2
KW,AZ,1
KW,CA,2
KW,CL,1
KW,CN,4
KW,DE,1
KW,EG,1
KW,FR,2
KW,GB,3
KW,GR,1
KW,IE,1
KW,IT,2
KW,JP,2
KW,MX,1
KW,SE,1
KW,TH,1
KW,US,19
KW,VE,1
KY,DE,1
KY,EC,1
KY,FR,1
KY,GB,1
KY,PT,1
KY,US,1
KZ,AU,2
KZ,CL,1
KZ,CN,3
KZ,DE,3
KZ,FI,1
KZ,FR,5
KZ,GB,3
KZ,ID,1
KZ,JP,3
KZ,KE,1
KZ,KR,1
KZ,MX,3
KZ,NO,1
KZ,PK,1
KZ,RU,1
KZ,SG,1
KZ,SV,1
KZ,TR,1
KZ,US,31
KZ,VE,1
LA,CN,1
LA,US,1
LB,AU,1
LB,BE,1
LB,BR,1
LB,CN,1
LB,MA,1
LB,NZ,1
LB,US,3
LC,JP,1
LC,PR,1
LI,CN,1
LK,CA,1
LK,CL,1
LK,FR,1
LK,GB,1
LK,LT,1
LK,PK,1
LK,RO,1
LK,US,5
LR,CN,1
LR,ID,1
LS,CN,1
LS,EG,1
LS,US,2
LT,AR,2
LT,AT,1
LT,AU,2
LT,AZ,1
LT,BE,1
LT,BO,1
LT,BR,1
LT,CA,1
LT,CH,1
LT,CN,7
LT,DE,2
LT,FR,1
LT,GB,2
LT,ID,1
LT,JP,3
LT,KW,1
LT,KZ,1
LT,NL,1
LT,NO,1
LT,NZ,1
LT,PL,2
LT,SA,1
LT,SG,2
LT,TR,1
LT,US,26
LU,CN,5
LU,DE,1
LU,DZ,1
LU,ES,1
LU,GB,2
LU,HK,1
LU,IN,1
LU,IT,1
LU,JP,2
LU,KR,1
LU,PL,1
LU,PS,1
LU,RU,1
LU,TN,1
LU,TW,1
LU,US,10
LV,AT,1
LV,AU,2
LV,BR,1
LV,CN,3
LV,DE,3
LV,FR,1
LV,GB,2
LV,ID,1
LV,KR,3
LV,LU,1
LV,NL,1
LV,RO,1
LV,RU,1
LV,SG,1
LV,TR,1
LV,TW,1
LV,UA,1
LV,US,13
LY,BR,1
LY,IN,1
LY,IT,1
LY,JP,1
LY,US,5
MA,AE,2
MA,AR,1
MA,AU,5
MA,BE,1
MA,BO,1
MA,BR,4
MA,BY,1
MA,CA,6
MA,CH,1
MA,CN,30
MA,CO,3
MA,CZ,1
MA,DE,9
MA,DK,1
MA,DZ,1
MA,EE,1
MA,EG,1
MA,ES,2
MA,FI,1
MA,FR,15
MA,GB,11
MA,GR,1
MA,HK,1
MA,HU,1
MA,IE,2
MA,IL,1
MA,IN,3
MA,IR,1
MA,IT,6
MA,JP,8
MA,KR,14
MA,KW,1
MA,MA,2
MA,MX,3
MA,NL,3
MA,NO,3
MA,PA,1
MA,PK,1
MA,RO,1
MA,RU,5
MA,SE,3
MA,SG,1
MA,TH,2
MA,TN,3
MA,TW,3
MA,UA,1
MA,US,120
MA,VE,1
MA,VN,3
MA,ZA,1
MA,ZM,1
MC,FR,1
MD,AT,1
MD,BE,1
MD,BR,1
MD,CN,5
MD,DE,3
MD,FI,1
MD,FR,1
MD,IL,1
MD,JP,1
MD,NL,1
MD,PL,1
MD,RU,1
MD,TH,1
MD,US,13
ME,CA,1
ME,IL,1
ME,KR,1
ME,US,1
ME,VN,1
MG,BE,1
MG,BR,1
MG,DE,1
MG,GB,2
MG,RU,1
MG,US,7
MK,CN,1
MK,EG,1
MK,IN,1
MK,JP,1
MK,KR,1
MK,MA,1
MK,NL,1
MK,TN,1
MK,US,3
ML,CN,1
ML,NZ,1
MM,CN,2
MM,DE,1
MM,JP,1
MM,KR,1
MM,US,1
MN,BR,1
MN,CN,1
MN,JP,1
MN,US,3
MO,CN,1
MO,FI,1
MO,GB,1
MO,IN,1
MO,KR,2
MO,SA,1
MO,US,1
MQ,CN,2
MQ,JP,1
MQ,US,1
MQ,VN,1
MR,CN,1
MR,US,1
MT,AR,1
MT,CN,1
MT,ES,1
MT,IN,1
MT,JP,1
MT,KR,1
MT,NL,1
MT,US,4
MU,AT,1
MU,BR,1
MU,CN,4
MU,DE,1
MU,FI,1
MU,GB,1
MU,GP,1
MU,JP,3
MU,KR,3
MU,MA,1
MU,RE,1
MU,RO,1
MU,TN,1
MU,TR,1
MU,US,22
MU,ZA,1
MU,ZM,1
MV,FR,1
MV,GB,1
MV,US,1
MW,AE,1
MW,AT,1
MW,CN,1
MW,DK,1
MW,FR,1
MW,KR,1
MW,SE,1
MW,US,3
MX,AE,1
MX,AO,1
MX,AR,2
MX,AT,4
MX,AU,8
MX,BD,1
MX,BE,2
MX,BO,2
MX,BQ,1
MX,BR,14
MX,CA,15
MX,CH,4
MX,CI,1
MX,CL,2
MX,CN,55
MX,CO,3
MX,CZ,1
MX,DE,15
MX,DK,4
MX,DZ,2
MX,EG,4
MX,ES,5
MX,FI,3
MX,FR,9
MX,GB,28
MX,GH,1
MX,GR,2
MX,HK,5
MX,HR,1
MX,ID,2
MX,IE,1
MX,IL,3
MX,IM,1
MX,IN,6
MX,IR,1
MX,IT,12
MX,JP,33
MX,KE,3
MX,KG,1
MX,KH,1
MX,KR,15
MX,LT,2
MX,LV,1
MX,MA,1
MX,MX,4
MX,MY,1
MX,MZ,1
MX,NG,1
MX,NL,10
MX,NO,3
MX,NZ,2
MX,PH,2
MX,PL,2
MX,PY,1
MX,QA,1
MX,RO,4
MX,RS,1
MX,RU,5
MX,SA,2
MX,SC,1
MX,SE,7
MX,SG,2
MX,SK,2
MX,SY,1
MX,TH,4
MX,TN,1
MX,TR,3
MX,TW,6
MX,TZ,1
MX,UA,2
MX,US,248
MX,VN,1
MX,ZA,2
MX,ZM,1
MY,AR,2
MY,AT,2
MY,AU,3
MY,BE,1
MY,BG,1
MY,BR,3
MY,CA,1
MY,CH,1
MY,CL,1
MY,CN,14
MY,CO,2
MY,CZ,1
MY,DE,4
MY,DO,1
MY,DZ,1
MY,EC,1
MY,EG,1
MY,FR,1
MY,GB,6
MY,ID,3
MY,IE,1
MY,IL,2
MY,IT,2
MY,JP,10
MY,KR,7
MY,ME,1
MY,MX,2
MY,MY,1
MY,NL,5
MY,NO,1
MY,PK,1
MY,PL,1
MY,RU,2
MY,SA,1
MY,SE,3
MY,SG,2
MY,TN,1
MY,TR,3
MY,TW,3
MY,US,61
MY,VE,1
MY,VN,1
MY,ZA,1
MZ,CN,2
MZ,KR,1
MZ,MX,1
MZ,US,5
NA,AU,1
NA,IT,1
NA,NG,1
NA,RU,1
NA,TR,2
NA,US,3
NC,CN,2
NC,US,4
NE,US,2
NG,AR,1
NG,AU,3
NG,BE,1
NG,BR,1
NG,CH,2
NG,CN,9
NG,DE,5
NG,EG,1
NG,FR,2
NG,GB,2
NG,IL,1
NG,IN,2
NG,IQ,1
NG,IT,3
NG,JP,3
NG,KR,3
NG,KZ,1
NG,MZ,1
NG,NL,1
NG,NO,1
NG,PL,1
NG,SA,1
NG,SE,1
NG,US,33
NG,VN,1
NG,ZA,1
NI,DE,1
NI,GB,1
NI,HU,1
NI,JP,1
NI,TN,1
NI,US,3
NL,AE,1
NL,AR,4
NL,AT,5
NL,AU,21
NL,BE,3
NL,BG,1
NL,BO,1
NL,BR,22
NL,CA,14
NL,CH,5
NL,CL,3
NL,CN,105
NL,CO,4
NL,CR,1
NL,CZ,5
NL,DE,50
NL,DK,5
NL,DZ,2
NL,EE,1
NL,EG,11
NL,ES,6
NL,FI,2
NL,FR,22
NL,GB,41
NL,GE,1
NL,GR,2
NL,GT,1
NL,HK,6
NL,HN,1
NL,HU,1
NL,ID,11
NL,IE,3
NL,IL,1
NL,IN,16
NL,IR,3
NL,IT,15
NL,JP,57
NL,KE,1
NL,KR,33
NL,KW,1
NL,KZ,1
NL,LI,1
NL,LU,1
NL,LV,1
NL,MA,4
NL,MX,6
NL,MY,3
NL,NG,2
NL,NL,11
NL,NO,5
NL,NZ,3
NL,PA,1
NL,PK,1
NL,PL,9
NL,PR,2
NL,PT,1
NL,QA,1
NL,RO,4
NL,RS,3
NL,RU,12
NL,SA,2
NL,SD,2
NL,SE,11
NL,SG,7
NL,SK,2
NL,SV,1
NL,SY,1
NL,TG,1
NL,TH,5
NL,TN,3
NL,TR,4
NL,TW,12
NL,UA,3
NL,US,445
NL,UY,1
NL,VN,7
NL,YE,1
NL,ZA,9
NL,ZM,1
NO,AU,4
NO,BR,4
NO,CA,6
NO,CH,3
NO,CL,2
NO,CN,21
NO,CO,2
NO,CZ,1
NO,DE,9
NO,DK,1
NO,EG,2
NO,ES,4
NO,FR,6
NO,GB,4
NO,GR,1
NO,IE,1
NO,IL,1
NO,IN,4
NO,IR,2
NO,IT,7
NO,JP,20
NO,KE,1
NO,KR,7
NO,LT,1
NO,MD,1
NO,MX,2
NO,NL,5
NO,PE,1
NO,PL,2
NO,PT,2
NO,RU,6
NO,SE,2
NO,SG,1
NO,SI,1
NO,TH,1
NO,TW,5
NO,UA,1
NO,US,126
NO,VE,1
NO,VN,1
NO,ZA,4
NO,ZM,1
NP,BR,1
NP,CN,1
NP,HU,1
NP,PL,1
NP,SG,1
NP,US,7
NP,VN,1
NZ,AE,2
NZ,AT,1
NZ,AU,3
NZ,BE,1
NZ,BH,1
NZ,BR,2
NZ,CA,8
NZ,CH,1
NZ,CN,17
NZ,CO,2
NZ,DE,5
NZ,FR,5
NZ,GB,2
NZ,ID,1
NZ,IE,1
NZ,IN,1
NZ,IT,1
NZ,JP,9
NZ,KR,8
NZ,MX,3
NZ,NL,3
NZ,NO,2
NZ,PL,1
NZ,RU,1
NZ,SA,1
NZ,SD,1
NZ,SE,2
NZ,TR,1
NZ,TW,1
NZ,US,62
NZ,VE,1
NZ,ZA,2
OM,AR,1
OM,CA,1
OM,CH,2
OM,CN,4
OM,CZ,1
OM,DE,1
OM,ES,1
OM,HK,1
OM,JP,2
OM,KR,1
OM,MA,1
OM,NL,1
OM,PL,1
OM,SG,1
OM,TH,1
OM,TT,1
OM,US,7
PA,BR,1
PA,CH,1
PA,CN,3
PA,DE,2
PA,ES,1
PA,FR,1
PA,GB,1
PA,JP,4
PA,KR,1
PA,NG,1
PA,PL,1
PA,PT,1
PA,SA,1
PA,SE,2
PA,US,13
PE,AU,2
PE,BE,1
PE,CA,2
PE,CN,8
PE,DE,3
PE,FI,1
PE,FR,3
PE,GB,3
PE,HU,1
PE,JP,6
PE,KR,2
PE,MX,1
PE,NL,3
PE,PL,1
PE,RS,1
PE,SA,1
PE,SI,1
PE,US,26
PE,VE,1
PE,ZA,2
PF,US,1
PG,US,1
PH,AT,1
PH,BE,2
PH,BR,2
PH,CA,2
PH,CH,1
PH,CN,11
PH,DE,2
PH,DK,2
PH,ES,3
PH,FI,3
PH,FR,1
PH,GA,1
PH,GB,3
PH,ID,1
PH,IL,1
PH,IN,2
PH,IT,3
PH,JP,4
PH,KR,5
PH,MX,2
PH,NL,3
PH,PL,2
PH,RU,2
PH,SA,1
PH,SE,1
PH,TR,1
PH,TZ,1
PH,UA,1
PH,UG,1
PH,US,43
PH,ZA,1
PK,AR,2
PK,AU,3
PK,BR,4
PK,CA,1
PK,CH,1
PK,CN,14
PK,CO,2
PK,CZ,2
PK,DE,3
PK,ES,3
PK,FR,2
PK,GB,2
PK,GE,1
PK,GR,1
PK,IE,1
PK,IN,3
PK,IT,1
PK,JP,9
PK,KR,3
PK,MA,2
PK,MU,1
PK,MX,1
PK,NL,2
PK,PL,1
PK,RU,3
PK,SA,1
PK,SG,1
PK,TW,1
PK,US,44
PK,VN,1
PK,ZA,2
PL,AR,1
PL,AU,3
PL,BE,2
PL,BR,8
PL,CA,11
PL,CH,3
PL,CN,33
PL,CO,1
PL,CZ,1
PL,DE,13
PL,DK,1
PL,EC,1
PL,EG,2
PL,ES,2
PL,FI,3
PL,FR,4
PL,GB,8
PL,GM,1
PL,HK,3
PL,HU,1
PL,ID,1
PL,IE,3
PL,IL,1
PL,IN,3
PL,IR,2
PL,IT,5
PL,JP,15
PL,KE,1
PL,KR,17
PL,MU,1
PL,MX,6
PL,MY,1
PL,NL,7
PL,NO,3
PL,NZ,1
PL,OM,1
PL,PK,2
PL,PL,2
PL,PT,2
PL,RO,1
PL,RU,4
PL,SA,1
PL,SE,3
PL,SG,1
PL,SY,1
PL,TH,2
PL,TN,3
PL,TR,1
PL,TT,1
PL,TW,8
PL,US,153
PL,VN,3
PL,ZA,2
PM,US,1
PR,BE,1
PR,BR,1
PR,CA,1
PR,CN,3
PR,CO,1
PR,DE,1
PR,FR,2
PR,GB,1
PR,IN,1
PR,IT,2
PR,JP,2
PR,KR,2
PR,NL,1
PR,RU,1
PR,SE,1
PR,TN,1
PR,TW,2
PR,US,9
PS,CN,1
PS,NL,1
PS,US,5
PT,AT,1
PT,AU,2
PT,BE,1
PT,BG,1
PT,BR,3
PT,CA,3
PT,CH,1
PT,CL,1
PT,CN,15
PT,DE,4
PT,DK,1
PT,ES,2
PT,FI,1
PT,GB,7
PT,HK,1
PT,IQ,1
PT,IT,2
PT,JP,9
PT,KE,1
PT,KR,7
PT,MA,1
PT,NL,2
PT,NO,3
PT,PY,1
PT,RU,2
PT,SE,4
PT,SG,1
PT,TH,1
PT,TW,1
PT,US,71
PT,VN,2
PW,US,1
PY,CA,1
PY,CN,2
PY,DE,2
PY,IT,1
PY,KR,1
PY,PL,1
PY,RO,1
PY,RU,1
PY,US,9
PY,VN,1
QA,CN,1
QA,CO,1
QA,DE,1
QA,FI,1
QA,GB,4
QA,HR,1
QA,IN,2
QA,IT,1
QA,LU,1
QA,NL,1
QA,SI,1
QA,TW,1
QA,US,14
RE,CN,2
RE,DE,1
RE,DK,1
RE,FR,1
RE,ID,1
RE,JP,1
RE,PT,1
RE,US,4
RO,AE,1
RO,AU,2
RO,BR,1
RO,CA,3
RO,CN,13
RO,CO,2
RO,CZ,1
RO,DE,6
RO,DK,1
RO,EG,1
RO,ES,1
RO,FI,1
RO,FR,6
RO,GB,5
RO,GT,1
RO,ID,1
RO,IE,1
RO,IN,1
RO,IQ,1
RO,IR,2
RO,IT,2
RO,JP,8
RO,KE,1
RO,KR,4
RO,KZ,2
RO,MU,1
RO,MX,1
RO,MY,1
RO,NG,1
RO,NL,4
RO,RU,1
RO,SE,2
RO,TW,1
RO,US,62
RO,UY,1
RO,XK,1
RO,ZA,1
RS,AU,1
RS,BR,1
RS,CA,1
RS,CN,3
RS,CR,1
RS,DE,2
RS,EC,1
RS,FR,1
RS,GB,2
RS,IT,2
RS,JP,3
RS,KR,2
RS,PH,1
RS,SE,1
RS,SG,1
RS,US,18
RU,AE,1
RU,AM,1
RU,AR,7
RU,AT,3
RU,AU,11
RU,BD,1
RU,BE,3
RU,BG,1
RU,BH,1
RU,BO,1
RU,BR,20
RU,BY,1
RU,CA,21
RU,CH,6
RU,CL,4
RU,CN,65
RU,CO,5
RU,CZ,3
RU,DE,35
RU,DK,4
RU,DZ,1
RU,EC,1
RU,EG,9
RU,ES,12
RU,FI,1
RU,FR,23
RU,GB,32
RU,GR,1
RU,HK,3
RU,HR,1
RU,HU,3
RU,ID,4
RU,IE,2
RU,IL,5
RU,IN,9
RU,IR,2
RU,IS,1
RU,IT,14
RU,JP,53
RU,KE,2
RU,KR,27
RU,LT,1
RU,LU,1
RU,LV,1
RU,MA,2
RU,MX,9
RU,MY,3
RU,NL,13
RU,NO,6
RU,NZ,1
RU,PE,1
RU,PF,1
RU,PK,1
RU,PL,3
RU,PT,4
RU,RO,4
RU,RU,12
RU,SA,3
RU,SE,10
RU,SG,6
RU,SK,1
RU,TH,4
RU,TN,1
RU,TR,3
RU,TW,5
RU,UA,1
RU,US,350
RU,VE,3
RU,VG,1
RU,VN,4
RU,YE,1
RU,ZA,5
RU,ZM,1
RW,CN,2
RW,MX,1
RW,NO,1
RW,US,3
SA,AR,1
SA,AT,1
SA,AU,6
SA,BO,1
SA,BR,7
SA,CA,7
SA,CH,3
SA,CL,2
SA,CM,1
SA,CN,26
SA,CR,1
SA,DE,11
SA,DZ,1
SA,EG,5
SA,ES,3
SA,FI,1
SA,FR,9
SA,GB,13
SA,GR,1
SA,IE,1
SA,IL,2
SA,IN,2
SA,IT,3
SA,JP,10
SA,KE,1
SA,KH,1
SA,KR,5
SA,KZ,1
SA,LT,1
SA,MX,2
SA,NL,4
SA,NO,1
SA,RO,2
SA,RU,8
SA,SA,2
SA,SC,1
SA,SE,1
SA,SG,1
SA,SY,1
SA,TR,1
SA,TT,1
SA,TW,3
SA,US,103
SA,VE,1
SA,ZA,3
SC,AR,2
SC,BR,1
SC,CA,1
SC,CN,2
SC,CO,1
SC,DE,1
SC,FR,2
SC,GB,1
SC,HK,1
SC,KR,2
SC,QA,1
SC,TW,1
SC,US,11
SC,VN,1
SD,BR,1
SD,CA,1
SD,CN,3
SD,DE,1
SD,FR,2
SD,IN,1
SD,JP,4
SD,KR,2
SD,LC,1
SD,PL,1
SD,SG,2
SD,SY,1
SD,US,15
SD,VE,1
SE,AM,1
SE,AR,4
SE,AU,8
SE,BA,1
SE,BE,1
SE,BR,20
SE,CA,11
SE,CH,1
SE,CL,2
SE,CN,59
SE,CO,3
SE,CR,1
SE,CZ,2
SE,DE,22
SE,DZ,1
SE,EG,4
SE,ES,5
SE,FR,16
SE,GB,20
SE,GE,1
SE,GH,1
SE,HK,3
SE,HR,2
SE,HU,4
SE,ID,1
SE,IE,6
SE,IL,1
SE,IN,7
SE,IR,4
SE,IT,15
SE,JP,31
SE,KR,17
SE,KW,1
SE,KY,1
SE,KZ,1
SE,MA,4
SE,MQ,1
SE,MX,7
SE,MY,3
SE,NL,4
SE,NO,3
SE,NZ,1
SE,PA,1
SE,PK,1
SE,PL,2
SE,PT,1
SE,RO,2
SE,RU,10
SE,SA,1
SE,SD,1
SE,SE,7
SE,SG,7
SE,SS,1
SE,SY,1
SE,TH,2
SE,TN,3
SE,TR,5
SE,TW,4
SE,UA,3
SE,UG,1
SE,US,259
SE,VE,2
SE,VN,1
SE,ZA,5
SG,AE,1
SG,AR,4
SG,AT,1
SG,AU,4
SG,BD,1
SG,BE,3
SG,BG,2
SG,BM,1
SG,BR,21
SG,BW,1
SG,BY,1
SG,CA,14
SG,CH,6
SG,CL,3
SG,CN,47
SG,CO,3
SG,CR,1
SG,DE,21
SG,EE,1
SG,EG,4
SG,ES,7
SG,FI,3
SG,FR,8
SG,GB,15
SG,GH,1
SG,GR,3
SG,HK,3
SG,HR,2
SG,HU,2
SG,ID,1
SG,IE,1
SG,IL,3
SG,IN,6
SG,IR,2
SG,IT,10
SG,JP,28
SG,KE,1
SG,KR,19
SG,KW,2
SG,LT,2
SG,MA,3
SG,MC,1
SG,MW,1
SG,MX,3
SG,NL,8
SG,NO,4
SG,NZ,1
SG,PH,2
SG,PK,2
SG,PL,1
SG,PT,1
SG,RO,2
SG,RS,1
SG,RU,11
SG,SE,4
SG,SG,1
SG,TN,4
SG,TR,1
SG,TW,6
SG,UA,1
SG,US,214
SG,VE,1
SG,VN,2
SG,ZA,3
SH,IT,1
SI,AU,1
SI,BR,1
SI,CA,1
SI,CN,8
SI,CO,1
SI,DE,2
SI,ES,1
SI,GB,2
SI,IE,1
SI,JP,2
SI,NL,2
SI,RU,1
SI,SI,1
SI,TW,1
SI,TZ,1
SI,US,24
SI,ZA,1
SK,BR,2
SK,CH,1
SK,CN,3
SK,CO,1
SK,DE,3
SK,EG,1
SK,GB,3
SK,ID,1
SK,IN,1
SK,IT,1
SK,JP,3
SK,KR,2
SK,LB,1
SK,MA,1
SK,NL,1
SK,TN,1
SK,US,13
SK,VN,2
SK,ZA,3
SL,HU,1
SL,US,1
SM,CN,1
SN,CN,3
SN,JP,1
SN,KR,1
SN,US,5
SO,DE,1
SO,US,1
SR,CN,1
SR,US,1
SV,GB,1
SV,RU,1
SV,UA,1
SV,US,5
SX,US,1
SY,AU,1
SY,BR,1
SY,DE,5
SY,FR,1
SY,GR,1
SY,IT,1
SY,JP,2
SY,KR,1
SY,KW,1
SY,RU,1
SY,SG,1
SY,TW,1
SY,US,14
SZ,US,1
TD,US,2
TF,CN,1
TG,CA,2
TG,DE,1
TG,ID,1
TG,LA,1
TG,NL,1
TG,US,2
TH,AT,1
TH,AU,5
TH,BE,1
TH,BG,1
TH,BR,7
TH,CA,6
TH,CH,1
TH,CL,1
TH,CN,16
TH,CO,1
TH,DE,6
TH,EG,2
TH,ES,5
TH,FR,4
TH,GB,5
TH,HK,1
TH,IL,1
TH,IN,7
TH,IT,2
TH,JP,7
TH,KE,1
TH,KR,4
TH,LI,1
TH,MG,1
TH,MX,3
TH,NL,5
TH,NZ,2
TH,PH,2
TH,PL,2
TH,RO,1
TH,RU,5
TH,SA,3
TH,SG,1
TH,TR,1
TH,TW,2
TH,UA,1
TH,US,78
TH,VN,4
TH,ZA,1
TJ,DE,1
TL,DE,1
TM,US,1
TN,AU,3
TN,BO,1
TN,BR,6
TN,CA,2
TN,CH,3
TN,CL,1
TN,CN,15
TN,CZ,1
TN,DE,5
TN,DK,2
TN,ES,2
TN,FI,1
TN,FR,7
TN,GB,8
TN,GT,1
TN,HR,1
TN,ID,2
TN,IE,2
TN,IN,4
TN,IT,2
TN,JP,15
TN,KG,1
TN,KR,5
TN,KW,1
TN,MA,1
TN,ML,1
TN,MX,2
TN,NL,1
TN,NO,1
TN,PY,1
TN,RU,1
TN,SK,1
TN,TW,3
TN,UA,1
TN,US,67
TN,VE,1
TN,VN,1
TN,ZA,4
TR,AR,3
TR,AT,4
TR,AU,6
TR,BE,2
TR,BN,1
TR,BR,8
TR,CA,12
TR,CH,1
TR,CI,1
TR,CL,1
TR,CN,42
TR,CO,2
TR,CZ,2
TR,DE,9
TR,DK,1
TR,EG,2
TR,ES,3
TR,FI,2
TR,FR,8
TR,GA,1
TR,GB,19
TR,GH,1
TR,HU,1
TR,IE,1
TR,IL,1
TR,IN,3
TR,IR,1
TR,IT,4
TR,JP,26
TR,KR,18
TR,KZ,2
TR,LU,1
TR,MQ,1
TR,MX,4
TR,MY,1
TR,NL,8
TR,NO,5
TR,NZ,1
TR,PE,1
TR,PL,3
TR,RO,1
TR,RU,4
TR,SA,2
TR,SE,8
TR,TH,1
TR,TN,1
TR,TR,4
TR,TW,4
TR,UA,1
TR,US,140
TR,VN,2
TR,ZA,7
TT,CN,1
TT,HK,1
TT,ID,1
TT,IT,1
TT,JP,2
TT,KR,1
TT,SE,1
TT,US,4
TW,AR,1
TW,AU,12
TW,BG,1
TW,BH,1
TW,BI,1
TW,BO,1
TW,BR,17
TW,CA,11
TW,CH,4
TW,CL,2
TW,CM,1
TW,CN,60
TW,CO,1
TW,CZ,1
TW,DE,21
TW,DK,2
TW,DO,1
TW,EC,1
TW,EG,3
TW,ES,9
TW,FI,4
TW,FR,14
TW,GB,24
TW,GP,1
TW,GR,3
TW,HK,7
TW,HR,1
TW,HU,1
TW,ID,5
TW,IE,3
TW,IL,1
TW,IN,14
TW,IR,5
TW,IT,11
TW,JP,39
TW,KE,4
TW,KR,29
TW,LV,1
TW,MA,1
TW,MD,1
TW,MN,1
TW,MU,2
TW,MX,7
TW,MY,2
TW,NL,6
TW,NO,2
TW,NZ,1
TW,PA,1
TW,PE,1
TW,PH,3
TW,PK,1
TW,PL,5
TW,PT,1
TW,PY,1
TW,RO,1
TW,RU,11
TW,SA,1
TW,SC,1
TW,SE,2
TW,SG,8
TW,TH,2
TW,TN,2
TW,TR,1
TW,TW,6
TW,UA,1
TW,US,306
TW,VE,2
TW,VN,3
TW,YE,1
TW,ZA,2
TZ,AU,1
TZ,CN,2
TZ,DE,3
TZ,EG,1
TZ,IN,1
TZ,IT,1
TZ,JP,1
TZ,SC,1
TZ,SE,1
TZ,SN,1
TZ,TH,1
TZ,UA,1
TZ,US,8
TZ,ZA,1
UA,AR,1
UA,AU,5
UA,BD,1
UA,BR,8
UA,CA,2
UA,CH,2
UA,CL,1
UA,CN,25
UA,CO,2
UA,DE,3
UA,EG,2
UA,ES,2
UA,FR,6
UA,GB,6
UA,HK,2
UA,IE,1
UA,IN,2
UA,IT,2
UA,JP,7
UA,KE,1
UA,KR,8
UA,MA,2
UA,MX,1
UA,NO,1
UA,NZ,1
UA,PH,1
UA,PK,1
UA,PL,1
UA,PY,1
UA,RU,4
UA,SE,1
UA,SG,2
UA,TR,1
UA,TW,1
UA,US,74
UA,VE,1
UA,ZA,1
UG,AU,1
UG,CA,1
UG,CN,4
UG,DE,2
UG,GB,1
UG,HK,1
UG,IE,1
UG,IN,1
UG,JP,2
UG,MX,1
UG,NL,1
UG,SA,1
UG,US,11
UG,VE,1
US,AD,1
US,AE,56
US,AG,1
US,AI,1
US,AL,2
US,AM,4
US,AO,3
US,AR,157
US,AT,91
US,AU,390
US,AW,2
US,AZ,4
US,BA,7
US,BB,1
US,BD,24
US,BE,113
US,BF,2
US,BG,33
US,BH,6
US,BJ,4
US,BM,2
US,BN,3
US,BO,9
US,BR,713
US,BY,21
US,BZ,2
US,CA,639
US,CD,2
US,CG,2
US,CH,201
US,CI,16
US,CL,84
US,CM,7
US,CN,2794
US,CO,145
US,CR,17
US,CU,2
US,CY,17
US,CZ,69
US,DE,1081
US,DK,118
US,DO,18
US,DZ,37
US,EC,20
US,EE,11
US,EG,207
US,ES,294
US,ET,3
US,FI,136
US,FO,1
US,FR,703
US,GA,3
US,GB,1100
US,GE,6
US,GF,2
US,GG,1
US,GH,25
US,GI,2
US,GM,2
US,GP,4
US,GR,51
US,GT,7
US,GU,2
US,GY,1
US,HK,182
US,HN,5
US,HR,21
US,HT,1
US,HU,52
US,ID,172
US,IE,158
US,IL,69
US,IM,1
US,IN,397
US,IQ,6
US,IR,80
US,IS,8
US,IT,527
US,JE,1
US,JM,3
US,JO,4
US,JP,1667
US,KE,64
US,KH,4
US,KR,979
US,KW,14
US,KZ,38
US,LA,1
US,LB,6
US,LI,1
US,LK,2
US,LR,1
US,LS,3
US,LT,25
US,LU,12
US,LV,15
US,LY,5
US,MA,101
US,MC,1
US,MD,4
US,ME,4
US,MG,1
US,MK,7
US,ML,3
US,MM,1
US,MN,3
US,MO,5
US,MQ,1
US,MT,4
US,MU,9
US,MV,1
US,MW,5
US,MX,249
US,MY,64
US,MZ,3
US,NA,5
US,NC,1
US,NG,23
US,NI,3
US,NL,416
US,NO,143
US,NP,1
US,NZ,53
US,OM,10
US,PA,8
US,PE,33
US,PG,1
US,PH,57
US,PK,58
US,PL,134
US,PR,16
US,PS,5
US,PT,67
US,PW,1
US,PY,10
US,QA,8
US,RE,4
US,RO,68
US,RS,16
US,RU,349
US,RW,2
US,SA,80
US,SB,1
US,SC,14
US,SD,17
US,SE,263
US,SG,258
US,SI,22
US,SK,14
US,SL,2
US,SN,1
US,SR,2
US,ST,1
US,SV,7
US,SY,8
US,SZ,1
US,TC,2
US,TG,4
US,TH,85
US,TN,70
US,TR,124
US,TT,4
US,TW,317
US,TZ,13
US,UA,84
US,UG,13
US,US,12627
US,UY,17
US,UZ,2
US,VC,1
US,VE,66
US,VI,4
US,VN,138
US,XK,1
US,YE,3
US,ZA,223
US,ZM,13
US,ZW,3
UY,AE,1
UY,CH,1
UY,CN,2
UY,DE,1
UY,EG,1
UY,ES,1
UY,FR,2
UY,GB,1
UY,HK,1
UY,IN,2
UY,IT,2
UY,JP,3
UY,KE,1
UY,KR,1
UY,LV,1
UY,MY,1
UY,NL,1
UY,SG,3
UY,TH,1
UY,US,22
UY,ZA,1
UZ,BR,1
UZ,CN,1
UZ,HK,1
UZ,UG,1
UZ,US,4
VA,US,1
VE,AO,1
VE,AU,3
VE,BE,1
VE,BR,2
VE,BY,1
VE,CH,1
VE,CN,12
VE,CO,2
VE,DE,3
VE,DO,1
VE,ES,3
VE,FR,1
VE,GB,10
VE,GT,1
VE,HK,2
VE,ID,1
VE,IE,1
VE,IL,1
VE,IN,1
VE,IR,1
VE,IT,2
VE,JP,5
VE,KR,4
VE,LR,1
VE,MA,1
VE,NL,3
VE,NO,2
VE,PE,1
VE,PL,1
VE,PS,1
VE,PT,1
VE,RO,1
VE,RU,2
VE,SA,2
VE,SE,2
VE,SG,1
VE,TR,1
VE,TW,1
VE,US,61
VE,VN,1
VE,ZA,3
VG,NL,1
VG,US,2
VI,GB,1
VI,US,2
VN,AE,2
VN,AT,1
VN,AU,5
VN,BE,2
VN,BR,9
VN,CA,7
VN,CH,1
VN,CN,28
VN,CO,3
VN,DE,7
VN,DK,2
VN,DZ,1
VN,EG,3
VN,ES,1
VN,FI,1
VN,FR,5
VN,GB,7
VN,ID,1
VN,IT,6
VN,JP,22
VN,KR,9
VN,KZ,1
VN,LV,1
VN,MW,1
VN,MX,3
VN,NG,1
VN,NL,5
VN,NO,1
VN,PK,1
VN,PL,2
VN,RU,1
VN,SA,1
VN,SE,5
VN,SG,1
VN,TR,1
VN,TW,2
VN,TZ,1
VN,UA,1
VN,UG,1
VN,US,150
VN,UY,1
VN,VN,1
VN,YE,1
VN,ZA,3
VN,ZM,1
XK,DE,1
XK,JP,1
XK,US,2
YE,BR,1
YE,CN,1
YE,FI,1
YE,US,2
ZA,AE,1
ZA,AR,1
ZA,AT,3
ZA,AU,7
ZA,BD,1
ZA,BE,3
ZA,BR,10
ZA,CA,14
ZA,CH,3
ZA,CL,1
ZA,CN,55
ZA,CO,1
ZA,CZ,1
ZA,DE,9
ZA,DK,2
ZA,DO,1
ZA,EG,1
ZA,ES,8
ZA,ET,1
ZA,FI,1
ZA,FR,7
ZA,GB,19
ZA,HK,2
ZA,HR,1
ZA,ID,4
ZA,IE,5
ZA,IL,1
ZA,IN,10
ZA,IR,2
ZA,IT,10
ZA,JP,30
ZA,KR,17
ZA,LT,1
ZA,LU,1
ZA,MA,2
ZA,MD,1
ZA,MU,1
ZA,MX,11
ZA,MY,3
ZA,NL,4
ZA,NO,4
ZA,PE,2
ZA,PH,1
ZA,PL,2
ZA,PT,1
ZA,PY,1
ZA,RO,2
ZA,RU,13
ZA,SA,2
ZA,SE,2
ZA,SG,8
ZA,TH,1
ZA,TN,1
ZA,TR,4
ZA,TT,1
ZA,TW,2
ZA,UA,1
ZA,US,237
ZA,UY,1
ZA,VE,3
ZA,VN,2
ZA,ZA,3
ZM,AU,1
ZM,CA,2
ZM,CN,1
ZM,DE,1
ZM,ES,1
ZM,GB,2
ZM,JP,1
ZM,NL,2
ZM,PT,1
ZM,RO,1
ZM,RS,1
ZM,TR,1
ZM,US,17
ZW,US,2
