Title,Date,Victims,Sponsor,Type,Category,Victims_Normalized,Sponsor_Normalized
Attack on Austrian foreign ministry,2/13/2020,Austrian Foreign Ministry,Russian Federation,Espionage,Government,Austria,Russia
Spear-phishing campaign against unnamed U.S. government agency,1/23/2020,Employees of the U.S. government,Korea (Democratic People's Republic of),Espionage,Government,United States,North Korea
Catfishing of Israeli soldiers,2/16/2020,Israeli Defense Forces (IDF) soldiers,"Palestine, State of",Espionage,Military,Israel,Palestine
Targeting of U.S. companies and government agencies,8/10/2020,"U.S. government agencies, U.S. companies",Iran (Islamic Republic of),Espionage,"Government, Private sector",United States,Iran
Tracking of Saudi Arabian citizens in the United States,3/29/2020,Saudi Arabian citizens in the Untied States,Saudi Arabia,Espionage,Private sector,Saudi Arabia,Saudi Arabia
Targeting of global financial institutions,5/12/2020,Global financial institutions,Korea (Democratic People's Republic of),Financial Theft,Private sector,Unknown,North Korea
Pioneer Kitten,8/31/2020,"Iranian expats and dissidents, North American and Israeli organizations",Iran (Islamic Republic of),Espionage,"Civil society, Private sector, Government",United States,Iran
Targeting of Burisma,1/13/2020,Burisma,Russian Federation,Espionage,Private sector,Unknown,Russia
Targeting of  New York Times journalist Ben Hubbard,1/28/2020,Ben Hubbard,Saudi Arabia,Espionage,Civil society,Unknown,Saudi Arabia
Targeting of Israeli water management facilities,7/17/2020,Israel,Iran (Islamic Republic of),Sabotage,Government,Israel,Iran
Targeting of Arabic speakers with COVID-19–related apps,4/15/2020,Arabic speakers in Syria and surrounding region,Syrian Arab Republic,Espionage,Civil society,Syria,Syria
Targeting of defense companies in Israel and the Middle East,8/14/2020,Defense companies,Korea (Democratic People's Republic of),Espionage,"Government, Private sector",Unknown,North Korea
"Targeting of companies in the United States, Israel, Saudi Arabia, and elsewhere",2/16/2020,Private companies in numerous countries,Iran (Islamic Republic of),Espionage,Private sector,Unknown,Iran
Targeting of Poland’s War Studies University,4/23/2020,Poland’s War Studies University,Russian Federation,Defacement,"Government, Military",Poland,Russia
Targeting of Iranian expats and dissidents,9/18/2020,Iranian expats and dissidents,Iran (Islamic Republic of),Espionage,Civil society,Iran,Iran
Compromise of Bapco,1/8/2020,Bapco,Iran (Islamic Republic of),Espionage,Private sector,Unknown,Iran
Targeting of Vatican City computer networks,7/28/2020,"Vatican City, Pontifical Institute for Foreign Missions, Hong Kong Study Mission to China",China,,"Government, Civil society",Hong Kong,China
"Targeting of Japan, Russia, and South Korean entities",3/5/2020,"Japanese, Russian, and South Korean civil society, private sector, and government entities.",China,Espionage,"Civil society, Private sector, Government",South Korea,China
Operations against actors targeting Australians during COVID-19 pandemic,4/6/2020,Infrastructure used by foreign-based cybercriminals,Australia,Data destruction,Private sector,Unknown,Australia
BlackTech,8/19/2020,Taiwanese government agencies and email accounts,China,Espionage,Government,Taiwan,China
Targeting of U.S. grid,1/9/2020,The U.S. electrical grid,Iran (Islamic Republic of),Espionage,Private sector,United States,Iran
Targeting of Central European aerospace and defense companies,6/17/2020,European aerospace and defense firms,Korea (Democratic People's Republic of),Espionage,Private sector,Unknown,North Korea
Targeting of U.S. government agency networks,11/14/2020,U.S. government networks,China,Espionage,Government,United States,China
Stolen data on nearly two thousand Mitsubishi employees,1/20/2020,Mitsubishi Electric employees,China,Espionage,Private sector,Unknown,China
Targeting of Tibetans via watering-hole attacks,3/31/2020,Tibetans,China,,,Unknown,China
Targeting of Western entities involved in COVID-19 vaccine development,7/21/2020,"Private Companies, Governments, Nongovernmental Organizations, Individual Dissidents, Clergy, Democratic and Human Rights Activists",China,Espionage,"Private sector, Government, Civil society",Unknown,China
Tonto Team,3/5/2020,"Japan, Russian Federation, Republic of Korea",China,,,South Korea,China
Targeting of COVID-19 research organizations,5/13/2020,COVID-19 Research Organizations,China,Espionage,"Private sector, Government",Unknown,China
Targeting of Taiwanese government agencies and officials’ email accounts,8/19/2020,Taiwanese government agencies and officials’ email accounts,China,Espionage,Government,Taiwan,China
Vicious Panda,3/12/2020,Mongolia,China,,,Unknown,China
Targeting of air transportation and government agencies in Kuwait and Saudi Arabia,5/25/2020,Air transportation and government agencies in Kuwait and Saudi Arabia,Iran (Islamic Republic of),,"Private sector, Government",Saudi Arabia,Iran
"Targeting of U.S. information technology, government, health-care, finance, and media industries",9/15/2020,U.S. government and private companies,Iran (Islamic Republic of),,"Government, Private sector",United States,Iran
Spyware sent to Jeff Bezos on WhatsApp,1/21/2020,Jeff Bezos,,Espionage,"Private sector, Civil society",Unknown,Unknown
Targeting of World Health Organization (WHO) Staff Emails,4/2/2020,World Health Organization (WHO),Iran (Islamic Republic of),Espionage,,Unknown,Iran
RedDelta,7/28/2020,"Vatican networks, Vatican officials, Hong Kong Study Mission to China, Pontifical Institute for Foreign Missions (PIME)",China,Espionage,"Government, Civil society",Hong Kong,China
Watering-hole attacks targeting Armenian government websites,3/12/2020,Likely Armenian government officials,Russian Federation,Espionage,"Government, Civil society",Unknown,Russia
Targeting of companies in Central Asia,5/14/2020,Central Asian Businesses,China,Espionage,"Private sector, Government",Unknown,China
Targeting of automated teller machines worldwide,8/26/2020,"Argentina, Brazil, Bangladesh, Bosnia and Herzegovina, Bulgaria, Chile, Costa Rica, Ecuador, Ghana, India, Indonesia, Japan, Jordan, Kenya, Kuwait, Malaysia, Malta, Mexico, Mozambique, Nepal, Nicaragua, Nigeria, Parkistan, Panama, Peru, Philippines, Singapore, South Africa, South Korea, Spain, Taiwan, Tanzania, Togo, Turkey, Uganda, Uruguay, Vietnam, Zambia",Korea (Democratic People's Republic of),Financial Theft,Private sector,South Africa,North Korea
Targeting of the Mongolian government using coronavirus-related lures,3/12/2020,Government of Mongolia,China,Espionage,Government,Unknown,China
Targeting of German critical infrastructure owners,5/26/2020,German critical infrastructure,Russian Federation,Espionage,Private sector,Germany,Russia
Targeting of Azerbaijani government networks,9/22/2020,Azerbaijani government networks,Russian Federation,Espionage,Government,Azerbaijan,Russia
Wide-ranging attacks on government organizations and companies across the Middle East and Europe,1/27/2020,Government organizations and companies across the Middle East and Europe,Turkey,Espionage,"Government, Private sector, Civil society",Unknown,Turkey
Targeting of Wuhan government and China’s Ministry of Emergency Management,4/22/2020,"Wuhan government, Chinese Ministry of Emergency Management",Vietnam,Espionage,Government,China,Vietnam
Ghostwriter,7/29/2020,Websites and NATO-affiliated officials,Russian Federation,,"Government, Private sector",Unknown,Russia
APT 36,3/16/2020,India,Pakistan,,,India,Pakistan
Disruption of operations at Shahid Rajaee Port,5/19/2020,Shahid Rajaee Port in Iran,Israel,Sabotage,Private sector,Iran,Israel
Targeting of U.S. defense contractors,8/19/2020,U.S. defense contractors,Korea (Democratic People's Republic of),Espionage,Government,United States,North Korea
Targeting of Ukraine with coronavirus phishing emails,3/13/2020,Ukrainian citizens,Russian Federation,Espionage,Civil society,Ukraine,Russia
Targeting of email servers using Exim mail transfer agent,5/28/2020,Exim mail server users,Russian Federation,Espionage,"Private sector, Government, Military, Civil society",Unknown,Russia
Penetration of unnamed U.S. federal agency,9/24/2020,U.S. government,Russian Federation,Espionage,Government,United States,Russia
Targeting of U.S. government employees,1/30/2020,U.S. government employees and possibly Westat employees,Iran (Islamic Republic of),Espionage,"Government, Private sector",United States,Iran
"Targeting of websites in Latvia, Lithuania, and Poland",7/29/2020,"Latvia, Lithuania, Poland",Russian Federation,Defacement,Private sector,Lithuania,Russia
Phishing with fake coronavirus health advisory,3/16/2020,Likely Indian government or civil society targets based on past targeting.,Pakistan,Espionage,,India,Pakistan
Targeting of CPC Corporation,5/5/2020,CPC Corporation,China,Sabotage,Private sector,Unknown,China
Targeting of UN officials,8/28/2020,"UN officials, including those affiliated with the UN Security Council",Korea (Democratic People's Republic of),Espionage,Government,Unknown,North Korea
Disclosure by Japanese firms of breaches between 2015 and 2018,2/6/2020,Japanese defense contractors,China,Espionage,Private sector,Japan,China
Targeting of Australian government agencies and private companies,6/19/2020,Australian government agencies and private companies,China,Espionage,"Government, Private sector, Civil society",Australia,China
Infection of computer systems belonging to universities in Hong Kong,1/31/2020,Universities in Hong Kong,China,Espionage,Civil society,Hong Kong,China
Attack on Israeli water utilities,5/7/2020,Israeli water utilities,Iran (Islamic Republic of),Sabotage,Private sector,Israel,Iran
Targeting of entities focusing on Taiwan,8/8/2020,"Government agencies, Private sector companies, Think tanks",China,Espionage,"Government, Private sector, Civil society",Unknown,China
"Global phishing campaign against industrial, government, and civil society targets",3/20/2020,"Targets across sectors and throughout the world, but especially defense sector and the United Arab Emirates.",Russian Federation,Espionage,"Private sector, Government, Civil society, Military",United Arab Emirates,Russia
"Targeting of U.S. political campaigns, advocacy groups, and political consultancies",9/10/2020,Organizations and individuals associated with U.S. politics,Russian Federation,Espionage,"Government, Civil society",United States,Russia
Continued targeting of cryptocurrency businesses,1/8/2020,Cryptocurrency exchanges,Korea (Democratic People's Republic of),Financial Theft,Private sector,Unknown,North Korea
Targeting of Ukrainian government organizations,6/11/2020,Ukrainian government officials,Russian Federation,Espionage,Government,Ukraine,Russia
Impersonation of journalists to compromise public figures,1/30/2020,"Academics, researchers, and dissidents in the United States, Israel, Saudi Arabia, Europe, the UK, and possibly elsewhere.",Iran (Islamic Republic of),Espionage,"Civil society, Government",United States,Iran
Pirate Panda,4/30/2020,Vietnamese government officials,China,,,Vietnam,China
Targeting of United Kingdom trade minister’s email account,8/3/2020,UK Trade Minister,Russian Federation,Espionage,Government,United Kingdom,Russia
Targeting of the World Health Organization,3/23/2020,World Health Organization,Korea (Republic of),Espionage,Civil society,Unknown,South Korea
Targeting of South Asia telecommunication providers,5/19/2020,Telecommunication providers in South Asia,Iran (Islamic Republic of),Espionage,Private sector,Unknown,Iran
Zirconium,9/10/2020,Individuals associated with the U.S. election,China,Espionage,"Government, Civil society",United States,China
Targeting of Hong Kong citizens with mobile malware,3/24/2020,Hong Kong citizens with iPhones,China,Espionage,"Civil society, Private sector",Hong Kong,China
Targeting of Malaysian government officials,2/7/2020,Malaysian government officials,China,Espionage,Government,Malaysia,China
Phishing of Vietnamese government officials,4/30/2020,Vietnamese government officials,China,Espionage,Government,Vietnam,China
Targeting of opposition politicians and religious leaders in Togo,9/3/2020,"Togolese opposition politicians, Togolese religious leaders",Togo,Espionage,Civil society,United States,Unknown
Targeting of over seventy-five organizations,3/25/2020,Multiple entities across the world.,China,Espionage,"Government, Private sector, Civil society",Unknown,China
Targeting of Asian videogame companies,5/21/2020,"Video game companies in Asia, including Taiwan and South Korea",China,Espionage,Private sector,South Korea,China
Targeting of former Vice President Joe Biden’s campaign staff and U.S. international affairs community,9/10/2020,Individuals associated with the U.S. election,China,Espionage,"Government, Civil society",United States,China
U.S. Cyber Command,8/11/2020,Russia,United States of America,Sabotage,Government,Russia,United States
Intensified attacks against Ukrainian national security targets,2/5/2020,Ukrainian national security targets,Russian Federation,Sabotage,Government,Ukraine,Russia
Distribution of malware through Google Play store,4/28/2020,Google Play Store,Vietnam,Espionage,,Unknown,Vietnam
Fox Kitten,2/16/2020,"U.S. government agencies, U.S. companies",Iran (Islamic Republic of),Espionage,"Government, Private sector",United States,Iran
Targeting of North Koreans and North Korea–focused professionals,3/26/2020,North Koreans and North Korean–focused professionals,Korea (Republic of),Espionage,Government,North Korea,South Korea
Targeting of ministries of foreign affairs and a national parliament in Central Asia and Eastern Europe,5/26/2020,Central Asian and Eastern European ministries of foreign affairs and parliament,Russian Federation,Espionage,Government,Unknown,Russia
Targeting of the Donald J. Trump presidential campaign,9/10/2020,Individuals associated with the U.S. government or upcoming election,Iran (Islamic Republic of),Espionage,"Government, Civil society",United States,Iran
Compromise of Indian nuclear power plant,11/12/2019,Noncritical devices in an Indian nuclear power plant,Korea (Democratic People's Republic of),Espionage,Government,India,North Korea
Attempted attack on the Democratic National Convention (DNC) during 2018 elections,1/18/2019,Democratic National Committee,Russian Federation,Espionage,Civil society,Unknown,Russia
"Targeting of over sixty universities in multiple countries, including the United States and United Kingdom",9/11/2019,"United States, United Kingdom, Australia, Canada, Hong Kong, Switzerland",Iran (Islamic Republic of),Espionage,"Civil society, Private sector",United Kingdom,Iran
Attack on forum of Hong Kong protesters,12/4/2019,Hong Kong protesters,China,Denial of service,"Civil society, Private sector",Hong Kong,China
Compromise of Bayer Pharmaceuticals,4/4/2019,Bayer Pharmaceuticals,China,Data destruction,Private sector,Unknown,China
Targeting of senior members of Tibetan groups,9/24/2019,Tibet,China,Espionage,"Civil society, Government",Unknown,China
Hijacking of Iranian hacking infrastructure,10/21/2019,"Military, government, scientific organizations, and universities in the Middle East and across the world",Russian Federation,Espionage,"Military, Government, Civil society",Unknown,Russia
"Targeting of German energy technology, chemicals, and consumer goods companies, among others",7/24/2019,Germany,China,Espionage,Private sector,Germany,China
Cyber espionage by the United Arab Emirates (UAE),1/30/2019,"Qatar, Turkey, Yemen",United Arab Emirates,Espionage,"Government, Civil society",Turkey,United Arab Emirates
Bypassing of two-factor authentication,12/19/2019,"Governments and managed service providers in the U.S., Brazil, China, France, Germany, Italy, Mexico, Portugal, Spain, and the United Kingdom",China,Espionage,"Government, Private sector",United Kingdom,China
Operation Soft Cell,6/25/2019,Global telecommunications companies,China,Espionage,Private sector,Unknown,China
Poison Carp,9/24/2019,"Tibetans , Uighurs",China,Espionage,"Civil society, Government",Unknown,China
Targeting of Avast,10/21/2019,Avast,China,Espionage,Private sector,Unknown,China
Compromise of Kazakh individuals,11/23/2019,Numerous Kazakh government officials and private individuals and some Chinese individuals,,Espionage,Government,China,Unknown
Targeting of U.S. and European think tanks,1/31/2019,"Center for Strategic and International Studies, German Council on Foreign Relations, The Aspen Institutes in Europe, The German Marshall Fund",Russian Federation,Espionage,Private sector,Germany,Russia
Autumn Aperture—use of malicious websites to target foreign ministries and other entities,8/22/2019,"French Ministry for Europe and European Affairs, Ministry of Foreign and European Affairs of the Slovak Republic, Stanford University, Sina, Foreign ministry of the South African government",Korea (Democratic People's Republic of),,"Government, Private sector",South Africa,North Korea
Surveillance of individuals in the United Arab Emirates (UAE) and globally,12/22/2019,Millions of individuals in the UAE and globally,United Arab Emirates,Espionage,Civil society,United Arab Emirates,United Arab Emirates
Attack on Iranian computer systems,6/22/2019,Iranian rocket and missile launch systems,United States,Sabotage,Military,Iran,United States
Targeting of Czech Foreign Ministry,8/31/2019,Foreign Ministry of the Czech Republic,Russian Federation,Espionage,Government,Czechia,Russia
Large-scale attacks against Georgia,10/28/2019,"Georgian government, courts, nongovernmental organizations, media, and businesses",Russian Federation,Sabotage,"Government, Private sector, Civil society",Unknown,Russia
Targeting of U.S. utility companies,8/1/2019,United States,,Espionage,Private sector,United States,Unknown
Targeting of Visma,2/6/2019,Visma,China,Espionage,Private sector,Unknown,China
Autumn Aperture—malware embedded in antiquated file types,9/11/2019,Unnamed U.S.-based entities,Korea (Democratic People's Republic of),,Private sector,United States,North Korea
Targeting of industrial control systems,11/23/2019,"Industrial control systems manufacturers, suppliers, and maintainers",Iran (Islamic Republic of),Espionage,Private sector,Unknown,Iran
Compromise of Yandex,6/27/2019,Yandex,"United States, Australia, Canada, New Zealand, United Kingdom",Espionage,Private sector,Unknown,United Kingdom
Targeting of Japanese organizations,10/2/2019,Japanese organizations,China,Espionage,Private sector,Japan,China
U.S. Cyber Command offensive attack of Russian troll farm,2/27/2019,Russia,United States,Denial of service,Government,Russia,United States
Targeting of Middle Eastern oil companies,12/4/2019,Oil companies in the Middle East,Iran (Islamic Republic of),Data destruction,Private sector,Unknown,Iran
Attacks on private U.S. companies,6/22/2019,U.S. private sector,Iran (Islamic Republic of),Data destruction,Private sector,United States,Iran
Targeting of the Cambodian government,12/7/2019,Cambodian government,China,Espionage,Government,Unknown,China
APT 41,8/7/2019,"United States, France, Japan, Singapore, United Kingdom, Hong Kong",China,Espionage,"Government, Private sector",United Kingdom,China
Targeting of universities' maritime military secrets,3/5/2019,"University of Hawaii, University of Washington, Massachusetts Institute of Technology , Pennsylvania State University, Duke University",China,Espionage,"Civil society, Private sector",United Kingdom,China
Targeting of a U.S. presidential campaign,10/4/2019,An unnamed U.S. presidential campaign,Iran (Islamic Republic of),Espionage,Government,United States,Iran
Targeting of U.S. manufacturing group,11/13/2019,National Association of Manufacturers,China,Espionage,Civil society,Unknown,China
Targeting of U.S. government and private entities and other victims,11/13/2019,"U.S. government,",Iran (Islamic Republic of),Espionage,"Government, Private sector",United States,Iran
Compromise of Bahraini government agencies and critical infrastructure,8/7/2019,Bahrain,Iran (Islamic Republic of),Sabotage,"Government, Private sector",Bahrain,Iran
Whitefly,3/6/2019,"Singapore, Russia, United Kingdom",,,"Government, Private sector",United Kingdom,Unknown
Targeting of Indian space agency,11/7/2019,Indian Space Research Organization,Korea (Democratic People's Republic of),Espionage,Government,India,North Korea
Attack of  Japanese companies with links to China,11/29/2019,Japanese organizations with subsidiaries in China,China,Espionage,Private sector,Japan,China
"Attack on U.S. presidential campaign government officials, journalists, and prominent expatriate Iranians",10/4/2019,"A U.S. presidential campaign, government officials, journalists, and prominent expatriate Iranians",Iran (Islamic Republic of),Espionage,"Civil society, Government",Iran,Iran
Targeting of secure messaging app used by Hong Kong protesters,6/13/2019,Hong Kong,Hong Kong,Espionage,Civil society,Hong Kong,Hong Kong
Targeting of Ukrainian government entities,11/25/2019,Ukrainian government entities,Russian Federation,Espionage,Government,Ukraine,Russia
2019 Indonesian elections,3/12/2019,Indonesia,"China, Russian Federation",Espionage,Government,Indonesia,Russia
Compromise of Airbus suppliers,9/26/2019,Airbus,China,Espionage,Private sector,Unknown,China
Targeting of Egyptian dissidents,10/3/2019,"Egyptian journalists, academics, lawyers, opposition politicians, and human rights activists",Egypt,Espionage,Civil society,Egypt,Egypt
Targeting of South Korean macOS users,11/20/2019,South Korean macOS users,Korea (Democratic People's Republic of),Espionage,,South Korea,North Korea
Targeting of Russian speakers,10/10/2019,"Russian speakers, as well as diplomatic and government institutions in Eastern Europe",,Espionage,Government,Russia,Unknown
Compromise of websites related to Uighur communities,9/3/2019,China,China,Espionage,Civil society,China,China
Targeting of BMW and Hyundai,12/6/2019,BMW and Hyundai,Vietnam,Espionage,Private sector,Unknown,Vietnam
Chinese intelligence repurposed NSA tools to attack private companies,5/6/2019,"Belgium, Luxembourg, The Philippines, and Vietnam",China,Espionage,Private sector,Philippines,China
Targeting of Uzbek dissidents,10/31/2019,Uzbek activists and dissidents,Uzbekistan,Espionage,Civil society,Unknown,Unknown
KINGDOM,10/12/2019,"Saudi Arabian dissidents, , Foreign journalists",Saudi Arabia,,,Saudi Arabia,Saudi Arabia
Targeting of Internet Research Agency,2/26/2019,Russia,United States of America,Sabotage,Private sector,Russia,United States
"Targeting of telecom companies across Africa, Europe, and Southeast Asia",12/12/2019,"Telecom companies in Africa, Europe, and Southeast Asia",China,Espionage,Private sector,Unknown,China
Compromise of Amnesty International Hong Kong,4/15/2019,Amnesty International Hong Kong,China,Espionage,Civil society,Hong Kong,China
U.S. retaliation against Iran,10/16/2019,Iran,United States,Data destruction,Government,Iran,United States
Targeting of Moroccan activists,10/10/2019,"Maati Monjib, an academic and activist, and Abdessadak El Bouchattaoui, a human rights lawyer",Morocco,Espionage,Civil society,Unknown,Morocco
Global hijacking of domain name system (DNS),1/9/2019,"United States, South Korea, Canada, Lebanon , United Arab Emirates",Iran (Islamic Republic of),Espionage,Private sector,United States,Iran
Compromise of British infrastructure,4/2/2019,British Post Office and local government networks,Iran (Islamic Republic of),Espionage,Government,United Kingdom,Iran
Targeting of European ministries,10/17/2019,Ministries of foreign affairs of three European countries and an EU country embassy in the United States,Russian Federation,Espionage,Government,United States,Russia
"Targeting of emails of German lawmakers, military officials, and embassy staff",11/29/2018,Germany,Russian Federation,Doxing,"Government, Civil society",Germany,Russia
Compromise of U.S. electric utility control rooms,7/23/2018,United States,Russian Federation,Sabotage,Private sector,United States,Russia
Compromise of the Dukes,1/25/2018,Russian Federation,Netherlands,Espionage,Government,Russia,Netherlands
Targeting of chemical research and media organizations in Germany,7/12/2018,Germany,Russian Federation,Espionage,Private sector,Germany,Russia
Poison Ivy,9/21/2018,China,,Espionage,"Government, Private sector",China,Unknown
HenBox,3/13/2018,Uighurs,China,Espionage,Civil society,Unknown,China
Compromise of FIFA,10/4/2018,Federation Internationale de Football Association (FIFA),Russian Federation,Espionage,Civil society,Unknown,Russia
Stealth Mango and Tangelo,5/15/2018,"Pakistan, Afghanistan, India, Iraq, United Arab Emirates, United States, Australia, Germany",Pakistan,Espionage,"Government, Civil society",United States,Pakistan
Targeting of the office of U.S. Senator Claire McCaskill,7/26/2018,United States,Russian Federation,Espionage,Government,United States,Russia
Compromise of Marriott International,11/30/2018,Marriott International Inc,China,Espionage,Private sector,Unknown,China
Compromise of computer networks associated with the 2018 Pyeongchang Winter Olympics,2/12/2018,Republic of Korea,Russian Federation,Sabotage,Civil society,South Korea,Russia
Thrip,6/19/2018,United States,China,Espionage,Private sector,United States,China
Cobalt Dickens,8/24/2018,"Australia, Canada, China, Israel, Japan, Switzerland, Turkey, United Kingdom, United States",Iran (Islamic Republic of),Espionage,Civil society,United Kingdom,Iran
UK targeting of the Islamic State group,4/12/2018,Islamic State Group,United Kingdom,Sabotage,Civil society,Unknown,United Kingdom
Targeting of Westinghouse Electric Corporation,10/4/2018,Westinghouse Electric Company,Russian Federation,Espionage,Private sector,Unknown,Russia
Targeting of North Korean defectors and journalists,5/15/2018,South Korea,Korea (Democratic People's Republic of),Espionage,Civil society,South Korea,North Korea
Raspite,8/2/2018,United States,,Espionage,Private sector,United States,Unknown
Attempt to compromise Ukraine's judicial system,12/4/2018,Ukraine,Russian Federation,Espionage,Government,Ukraine,Russia
APT 37,2/20/2018,"Republic of Korea, Japan, Vietnam",Korea (Democratic People's Republic of),,"Government, Private sector",South Korea,North Korea
Targeting of German critical infrastructure sectors,6/7/2018,Germany,Russian Federation,Espionage,Private sector,Germany,Russia
Targeting of Omar Abdulaziz,10/1/2018,Omar Abdulaziz,Saudi Arabia,Espionage,Civil society,Unknown,Saudi Arabia
Compromise of Mongolian government data center,6/13/2018,Mongolia,China,Espionage,Government,Unknown,China
Alleged Russian compromise of networking equipment,4/16/2018,"Worldwide, United States, United Kingdom, Ukraine",Russian Federation,Sabotage,Private sector,United Kingdom,Russia
Gorgon Group,8/2/2018,"United States, Spain, Russian Federation, United Kingdom",,Espionage,Government,Russia,Unknown
Targeting of the Parliament of Australia,12/7/2018,Australia,,,Government,Australia,Unknown
Compromise of an air-gapped German government network,2/28/2018,Germany,Russian Federation,Espionage,Government,Germany,Russia
RedAlpha,6/26/2018,India,China,Espionage,Civil society,India,China
Targeting of congressional campaigns for the 2018 U.S. midterm elections,7/19/2018,Candidates for the U.S. Congress,Russian Federation,Espionage,Government,United States,Russia
Targeting of South Korean actors prior to meeting of Donald J. Trump and Kim Jong-un,6/5/2018,South Korea,"China, Russian Federation",Espionage,Government,South Korea,Russia
Indictment of officials from the Mabna Institute,3/28/2018,"United States, United Nations, UNICEF, Australia, Canada, China, Denmark, Germany, Ireland, Israel, Italy, Japan, Malaysia, Netherlands, Norway, Poland, Singapore, Republic of Korea, Spain, Sweden, Switzerland, Turkey, United Kingdom",Iran (Islamic Republic of),Espionage,"Government, Civil society, Private sector",South Korea,Iran
Rancor,6/26/2018,"Singapore, Cambodia",China,Espionage,"Government, Civil society",Singapore,China
Targeting of Yahya Assiri,8/1/2018,Yahya Assiri,Saudi Arabia,Espionage,Civil society,Unknown,Saudi Arabia
"Compromise of SingHealth, a large health-care provider in Singapore",7/20/2018,SingHealth,,Espionage,Private sector,Unknown,Unknown
TempTick,6/5/2018,"South Korea, Japan",China,,"Government, Private sector",South Korea,China
Targeting of organizations associated with trade activity with China,8/16/2018,"United States, Kenya, Mongolia, Brazil",China,Espionage,"Government, Private sector",United States,China
APT 39,12/12/2018,"Saudi Arabia, Egypt, Turkey, Iraq, Spain, Norway, Australia, South Korea",Iran (Islamic Republic of),,"Government, Private sector",Saudi Arabia,Iran
Operation Parliament,4/12/2018,"Palestine, Egypt, Jordan, United Arab Emirates, Saudi Arabia, Djibouti, Qatar, Chile, Lebonon, Somalia, Iraq, Morocco, Syria, India, Iran, Canada, United States, United Kingdom, Germany, Israel, Afghanistan, Serbia, Russia, Oman, Kuwait, South Korea, Denmark",,Espionage,"Government, Civil society",United Kingdom,Unknown
Operation GhostSecret,4/24/2018,"United States, United Kingdom, India, Thailand, Guatemala, Germany, France, Canada, Brazil, China, Bangladesh, Thailand, Hong Kong, Japan, Australia,",Korea (Democratic People's Republic of),Espionage,Private sector,United Kingdom,North Korea
Compromise of American aerospace companies,10/30/2018,"Aerospace companies based in Arizona, Massachusetts, and Oregon",China,Espionage,Private sector,Unknown,China
Compromise of the German Foreign Office,3/16/2018,Germany,Russian Federation,Espionage,Government,Germany,Russia
Targeting of U.S. Navy contractors,12/14/2018,United States,China,Espionage,Government,United States,China
Inception Framework,3/14/2018,"South Africa, Kenya, United Kingdom, Malaysia, Suriname, Turkey, Turkmenistan, Ukraine, Romania, Portugal, Afghanistan",,Espionage,"Government, Private sector",United Kingdom,Unknown
Targeting of Japanese companies,4/22/2018,Japan,China,Espionage,Private sector,Japan,China
APT 35,1/1/2018,United States,Iran (Islamic Republic of),Espionage,"Government, Private sector",United States,Iran
Winnti Umbrella,5/3/2018,"United States, United Kingdom, Japan, South Korea, China, Hong Kong, Universities in Hong Kong",China,Espionage,Private sector,United Kingdom,China
Chrysene,5/17/2018,"Iraq, Pakistan, Israel, United Kingdom",,Espionage,Private sector,United Kingdom,Unknown
Global bank attacks,10/3/2018,"United States, Mexico, Chile, Brazil, Uruguay, Poland, Turkey, Bangladesh, Malaysia, Vietnam, Russia, Phillipines, Taiwan",Korea (Democratic People's Republic of),Financial Theft,Private sector,United States,North Korea
Compromise of Managed Service Providers and technology companies,12/20/2018,"Networks and clients of Hewlett Packard Enterprise, IBM, Fujitsu, Tata Consultancy Services, NTT Data, Dimension Data, Computer Sciences Corporation, and DXC Technology",China,Espionage,Private sector,Unknown,China
Targeting of international sports federations,1/12/2018,"European Ice Hockey Federation, International Ski Federation, International Biathlon Union, International Bobsleigh and Skeleton Federation, International Luge Federation",Russian Federation,Espionage,Civil society,Unknown,Russia
Compromise of a U.S. Navy contractor,6/8/2018,United States,China,Espionage,Private sector,United States,China
Targeting of AMC Theatres,9/6/2018,AMC Theatres,Korea (Democratic People's Republic of),Espionage,Private sector,Unknown,North Korea
Compromise of the EU's diplomatic communication network,12/18/2018,"European Union, United Nations, American Federation of Labor and Congress of Industrial Organizations",China,Espionage,Government,United States,China
Compromise of Cambodian election organizations,7/10/2018,Cambodia,China,Espionage,"Government, Private sector",Unknown,China
Targeting of the Organization for the Prohibition of Chemical Weapons,10/4/2018,Organization for the Prohibition of Chemical Weapons,Russian Federation,Espionage,Government,Unknown,Russia
Covellite,5/31/2018,United States,,Espionage,Private sector,United States,Unknown
Targeting of Austal,11/2/2018,Austal Ltd,,,Private sector,Unknown,Unknown
Targeting of U.S. energy and other critical infrastructure sectors,3/15/2018,United States,Russian Federation,Espionage,"Private sector, Government",United States,Russia
Targeting of Mammoth Screen,9/6/2018,Mammoth Screen,Korea (Democratic People's Republic of),Espionage,Private sector,Unknown,North Korea
Attack on Italian oil firm Saipem,12/20/2018,Saipem,Iran (Islamic Republic of),Espionage,Private sector,Unknown,Iran
Mythic Leopard,5/18/2018,India,Pakistan,Espionage,"Government, Private sector",India,Pakistan
Compromise of the U.S. Anti-Doping Agency,10/4/2018,U.S. Anti-Doping Agency,Russian Federation,Doxing,Civil society,United States,Russia
Dymalloy,6/14/2018,"Turkey,",,Espionage,Private sector,Turkey,Unknown
Compromise of Ukrainian government,11/20/2018,Ukraine,Russian Federation,Espionage,Government,Ukraine,Russia
Targeting of individuals of interest to the government of Lebanon,1/18/2018,"United States, Canada, Germany, Lebanon, France",Lebanon,Espionage,"Military, Civil society",United States,Lebanon
Compromise of a diplomatic entity in Qatar,6/7/2018,Qatar,,Espionage,Government,Qatar,Unknown
Targeting of U.S. defense contractors,9/6/2018,United States,Korea (Democratic People's Republic of),Espionage,Private sector,United States,North Korea
Compromise of South Korean resettlement agency,12/28/2018,South Korea,Korea (Democratic People's Republic of),Doxing,"Government, Civil society",South Korea,North Korea
Mustang Panda,6/15/2018,United States,China,Espionage,Civil society,United States,China
Compromise of the Court of Arbitration for Sport,10/4/2018,Court of Arbitration for Sport,Russian Federation,Doxing,Civil society,Unknown,Russia
Targeting of a chemical plant in Ukraine,7/11/2018,Ukraine,Russian Federation,Sabotage,Private sector,Ukraine,Russia
Targeting of Mexican journalists’ mobile devices,11/27/2018,Mexican journalists,Mexico,Espionage,Civil society,Mexico,Mexico
Iron Tiger,2/1/2018,"United States, Canada, Australia, Japan, China, Republic of Korea, Taiwan, Thailand, Russia, India, Israel, Iran",,Espionage,"Government, Private sector",South Korea,Unknown
Targeting of financial and chemical organizations in Europe,6/19/2018,"Russia, France, The Netherlands, Switzerland, Germany, Ukraine",Russian Federation,Espionage,Private sector,Netherlands,Russia
Targeting of the personal email accounts of U.S. Senators and staff,9/19/2018,United States,,Espionage,Government,United States,Unknown
Compromise of Australian National University,7/6/2018,Australia,China,Espionage,Civil society,Australia,China
Compromise of the Canadian Centre for Ethics in Sport,10/4/2018,Canadian Centre for Ethics in Sport,Russian Federation,Doxing,Civil society,Canada,Russia
Targeting of the citizen journalism website Bellingcat,11/2/2017,Bellingcat,Russian Federation,Espionage,Civil society,Unknown,Russia
WannaCry,6/14/2017,"FedEx, UK National Health Service, Telefonica, Deutsche Bahn, PetroChina, Hitachi, Renault, Nissan, Sberbank",Korea (Democratic People's Republic of),Data destruction,"Private sector, Government",China,North Korea
APT 33,9/20/2017,"United States, Saudi Arabia, South Korea",Iran (Islamic Republic of),Espionage,Private sector,United States,Iran
Targeting of Ethiopian dissidents,12/6/2017,Ethiopian dissidents,Ethiopia,Espionage,Civil society,Unknown,Unknown
Targeting of a Swiss federal agency,9/15/2017,Switzerland,Russian Federation,Espionage,Government,Switzerland,Russia
Compromise of cryptocurrency exchanges in South Korea,9/11/2017,Cryptocurrency exchanges in South Korea,Korea (Democratic People's Republic of),Financial Theft,Private sector,South Korea,North Korea
Bad Rabbit,10/24/2017,"Ukraine, Japan, Russia, Bulgaria, Turkey",Russian Federation,Sabotage,Government,Bulgaria,Russia
MuddyWater,11/14/2017,"Saudi Arabia, Iraq, United Arab Emirates, Georgia, Israel, Pakistan, Turkey, India, United States",Iran (Islamic Republic of),Espionage,Government,United States,Iran
Compromise of the International Association of Athletics Federations,4/3/2017,International Association of Athletics Federations,Russian Federation,Espionage,Civil society,Unknown,Russia
Targeting of certain individuals in Panama,6/20/2017,Panama,Panama,Espionage,"Civil society, Private sector",Unknown,Unknown
Compromise of Far Eastern International Bank,10/7/2017,Far Eastern International Bank,Korea (Democratic People's Republic of),Financial Theft,Private sector,Unknown,North Korea
Compromise of email accounts of a UK TV station,3/30/2017,Islam Channel,Russian Federation,Espionage,Private sector,Unknown,Russia
APT 40,10/16/2017,"United States, The Philippines, Asia Pacific Economic Cooperation, Hong Kong, Malaysia",China,Espionage,"Government, Private sector",United States,China
NotPetya,7/1/2017,"Rosneft, WPP Plc., Maersk, Cie de Saint-Gobain, SNCF, Merck, Mondelez, Port of Rosario, Kyivenergo, The government of Ukraine",Russian Federation,Data destruction,"Government, Private sector",Ukraine,Russia
JadeRAT,10/20/2017,Ethnic minorities in China,China,Espionage,Civil society,China,China
Bronze Butler,10/12/2017,"Japan, Korea (Republic of), Russian Federation, China, Mitsubishi Group",China,Espionage,Private sector,South Korea,China
Indictment of APT 3 threat actors,11/27/2017,"Moody's Analytics, Siemens, Trimble",China,Espionage,Private sector,Unknown,China
APT 10,4/4/2017,"Japan, United States, United Kingdom, India, Canada, Brazil, South Africa, Australia, Thailand, South Korea, France, Switzerland, Sweden, Finland, Norway, New Zealand",China,Espionage,"Private sector, Government",United Kingdom,China
Compromise of Kaspersky Labs,10/10/2017,Kaspersky Labs,Israel,Espionage,Private sector,Unknown,Israel
Greenbug,1/23/2017,"South Asian telecommunication providers, Middle Eastern government, aviation, education, and investment organizations",Iran (Islamic Republic of),,,Unknown,Iran
Targeting of the government of Belarus,9/28/2017,Belarus,,Espionage,Government,Belarus,Unknown
Targeting of Chinese-language news websites,7/5/2017,United States,China,Espionage,Civil society,United States,China
Attempted compromise of email accounts associated with the UK Parliament,6/25/2017,UK Parliament,Iran (Islamic Republic of),Espionage,Government,United Kingdom,Iran
CopyKittens,7/25/2017,"Israel, Saudi Arabia, United States, Jordan, Germany",Iran (Islamic Republic of),Espionage,"Government, Private sector, Civil society",United States,Iran
Compromise of the Czech foreign minister's computer,1/31/2017,Czech Republic,Russian Federation,Espionage,Government,Czechia,Russia
Sowbug,11/7/2017,"Argentina, Brazil, Peru, Ecuador, Brunei, Malaysia",,Espionage,Government,Argentina,Unknown
Targeting of U.S. electric companies,10/10/2017,United States,Korea (Democratic People's Republic of),Espionage,,United States,North Korea
"Compromise of Qatari website, leading to diplomatic rift",7/16/2017,Qatar News Agency,United Arab Emirates,Defacement,Government,Qatar,United Arab Emirates
Attempted compromise of Norwegian government networks,2/4/2017,Norway,Russian Federation,Espionage,"Government, Military",Norway,Russia
Compromise of Israeli Defense Force personnel,2/16/2017,Israel Defense Force,,Espionage,Military,Israel,Unknown
Mexico accused of targeting journalists and civil society groups,6/19/2017,"Aristegui Noticias, Carlos Loret de Mola, Mexicans against Corruption and Impunity, Centro PRODH, Mexican Institute for Competitiveness",Mexico,Espionage,Civil society,Mexico,Mexico
Targeting North Korea's Reconnaissance General Bureau,9/30/2017,North Korea,United States,Denial of service,Government,North Korea,United States
Distributed denial of service against the government of Montenegro,2/17/2017,Montenegro,Russian Federation,Denial of service,Government,Unknown,Russia
Compromise of Singapore's Ministry of Defense,2/28/2017,Ministry of Defense,,Espionage,Military,Unknown,Unknown
Compromise the North Korean nuclear program,3/4/2017,North Korea,United States,Sabotage,Military,North Korea,United States
Targeting of Marco Rubio's presidential campaign,3/30/2017,The 2016 presidential campaign of Marco Rubio,Russian Federation,Espionage,Civil society,Unknown,Russia
Longhorn,4/10/2017,Global,United States,Espionage,"Private sector, Government",Unknown,United States
Phishing campaign against Montenegro,6/6/2017,Montenegro,Russian Federation,Espionage,Government,Unknown,Russia
Compromise of a Danish Ministry of Defense e-mail service,4/23/2017,Denmark,Russian Federation,Espionage,"Military, Government",Denmark,Russia
Targeting of French presidential candidate Emmanuel Macron's campaign,4/26/2017,Emmanuel Macron's 2017 presidential election campaign,Russian Federation,Espionage,Civil society,Unknown,Russia
Magic Hound,2/15/2017,Saudi Arabia,Iran (Islamic Republic of),Espionage,"Government, Private sector",Saudi Arabia,Iran
WhiteBear,8/30/2017,"United States, United Kingdom, Uzbekistan, South Korea",Russian Federation,Espionage,"Government, Private sector",United Kingdom,Russia
Compromise of the Italian Ministry of Foreign Affairs,2/10/2017,Italy,Russian Federation,Espionage,Government,Italy,Russia
Operation BugDrop,2/17/2017,"Ukraine, Russia, Saudi Arabia, Austria",Russian Federation,Espionage,Private sector,Saudi Arabia,Russia
Targeting of employees of companies that operate U.S. nuclear power plants,6/30/2017,United States,Russian Federation,Espionage,Private sector,United States,Russia
Spear-phishing campaign against Google accounts in 2015,6/26/2016,"United States, European Union",Russian Federation,Espionage,"Government, Private sector, Civil society",United States,Russia
Lazarus Group,2/1/2016,"South Korea, Sony Pictures Entertainment , United States, Bangladesh Bank, Defense companies in Israel and the Middle East, Global banks, U.S. defense contractors",Korea (Democratic People's Republic of),Espionage,"Government, Private sector",United States,North Korea
Shamoon 2.0,12/1/2016,General Authority of Civil Aviation of Saudi Arabia,,Data destruction,Government,Saudi Arabia,Unknown
SWIFT-related bank heists,5/26/2016,"Bangladesh Central Bank, Tien Phong Bank, Banco Del Austro, Poland",Korea (Democratic People's Republic of),Financial Theft,Government,Bangladesh,North Korea
Compromise of South Korean government computers (2016),12/6/2016,South Korea,Korea (Democratic People's Republic of),Espionage,Military,South Korea,North Korea
Denial of service incident against media websites in Sweden,3/19/2016,Sweden,Russian Federation,Denial of service,Private sector,Sweden,Russia
Compromise of Ukrainian banks,12/13/2016,Ukraine,Russian Federation,Data destruction,Private sector,Ukraine,Russia
Stealth Falcon,5/29/2016,"United Arab Emirates, United Kingdom",United Arab Emirates,Espionage,Civil society,United Kingdom,United Arab Emirates
Compromise of the Democratic National Committee,6/14/2016,"Democratic National Committee, Democratic Congressional Campaign Committee",Russian Federation,Espionage,Civil society,Unknown,Russia
OilRig,1/5/2016,"Israel, Turkey, Qatar, Kuwait, Saudi Arabia, Lebanon, United States",Iran (Islamic Republic of),Espionage,"Government, Private sector, Civil society",United States,Iran
Targeting of the Islamic State group,2/28/2016,The Islamic State Group,United States,Sabotage,Civil society,Unknown,United States
"A compromise causes a power outage in Kiev, Ukraine",12/20/2016,Ukrenergo,Russian Federation,Sabotage,Private sector,United Kingdom,Russia
Compromise of the World Anti-Doping Agency,9/13/2016,World Anti-Doping Agency,Russian Federation,Espionage,Civil society,Unknown,Russia
Compromise of gaming companies,10/18/2016,"China, Taiwan, South Korea, United States, Russia",China,Espionage,Private sector,United States,China
Spyware linked to Indonesia found in proxy servers in Australia,1/23/2016,Australia,Indonesia,Espionage,Civil society,Australia,Indonesia
Yahoo breach (2014),9/22/2016,Yahoo,,Espionage,Private sector,Unknown,Unknown
Attempted compromise of U.S. think tanks,11/9/2016,"Council on Foreign Relations, Brookings Institution",Russian Federation,Espionage,Civil society,Unknown,Russia
Unnamed Actor,4/13/2016,"China, Hong Kong, Taiwan, Myanmar",China,Espionage,"Civil society, Government",Hong Kong,China
Prince of Persia,5/2/2016,"Israel, United States, Denmark, Iran, United Kingdom, Canada, France, Germany, Russia, China, Syria, Saudi Arabia, Sweden, Italy, Bahrain",Iran (Islamic Republic of),Espionage,"Government, Private sector",United Kingdom,Iran
Compromise of Burmese government websites,1/12/2016,Myanmar,,Espionage,"Government, Civil society",Unknown,Unknown
Warning of impending incident on Russian banking network,12/2/2016,Russia,,Data destruction,Private sector,Russia,Unknown
Onion Dog,5/20/2016,South Korea,,Espionage,"Government, Private sector",South Korea,Unknown
Mofang,6/15/2016,"Myanmar, Canada, United States, Germany, India, South Korea, Singapore",China,Espionage,"Government, Private sector",United States,China
RUAG espionage,5/23/2016,Switzerland,Russian Federation,Espionage,Private sector,Switzerland,Russia
Operation Mermaid,7/7/2016,"Ministry of Foreign Affairs, Iran,",,Espionage,Government,Iran,Unknown
Yahoo breach (2016),12/14/2016,Yahoo,Russian Federation,Espionage,Private sector,Unknown,Russia
Project Sauron,7/8/2016,"Russia, Belgium, Sweden, Iran, China, Rwanda",United States,Espionage,"Government, Military",Belgium,United States
Compromise of entities involved in the China-Philippines territorial dispute,7/12/2016,Philippines,China,Espionage,"Government, Private sector",Philippines,China
Operation Sphinx,7/21/2016,"Egypt, Israel",,Espionage,"Government, Military",Israel,Unknown
"Compromise of computer networks associated with diplomats, journalists, and others in South Korea",8/1/2016,South Korea,Korea (Democratic People's Republic of),Espionage,Government,South Korea,North Korea
Compromise of a mobile app used by Ukrainian artillery units,12/22/2016,Ukraine Armed Forces,Russian Federation,Espionage,Military,Ukraine,Russia
APT 16,12/16/2016,"Japan, Taiwan",China,Espionage,Private sector,Taiwan,China
Targeting of Kazakh dissidents,8/2/2016,Kazakh dissidents,Kazakhstan,Espionage,Civil society,Unknown,Kazakhstan
Compromise of the networks at the German parliament (Bundestag),5/29/2015,Bundestag,Russian Federation,Espionage,Government,Unknown,Russia
Compromise of a power grid in eastern Ukraine,12/23/2015,Prikarpattiaoblenergo Electric Company,Russian Federation,Sabotage,Private sector,Unknown,Russia
APT 30,4/12/2015,"India, Thailand, South Korea, Saudi Arabia, Malaysia, United States, Vietnam, Cambodia, Indonesia, Myanmar, China, Laos, Singapore, Phillipines",China,Espionage,"Government, Private sector",United States,China
Compromise of Anthem,2/6/2015,Anthem,China,Espionage,Private sector,Unknown,China
Ocean Lotus,5/31/2015,"China, United States, Philippines, Germany, Vietnam, Association of Southeast Asian Nations, Cambodia, Laos",Vietnam,Espionage,"Government, Private sector, Civil society",United States,Vietnam
Goblin Panda,6/1/2015,Vietnam,China,,"Government, Private sector",Vietnam,China
Gamaredon,4/28/2015,Ukraine,Russian Federation,Espionage,Government,Ukraine,Russia
Duqu 2.0,6/10/2015,Iran,Israel,Espionage,"Government, Private sector",Iran,Israel
Chafer,12/7/2015,"Saudi Arabia, United Arab Emirates, Israel, Jordan, Turkey",Iran (Islamic Republic of),Espionage,Private sector,Saudi Arabia,Iran
APT 3,6/23/2015,"United States, United Kingdom, Hong Kong",China,Espionage,Private sector,United Kingdom,China
Emissary Panda,8/5/2015,"United States, United Kingdom, France",China,Espionage,"Government, Private sector",United Kingdom,China
Compromise of TV5 Monde,4/9/2015,TV5 Monde,Russian Federation,Defacement,Private sector,Unknown,Russia
Targeting of the government of Thailand,11/24/2015,Thailand,China,Espionage,Government,Thailand,China
"Targeting of Ugandan political opposition members, journalists, and activists",10/16/2015,Uganda,Uganda,Espionage,Civil society,Unknown,Unknown
APT 17,5/14/2015,United States,China,Espionage,"Government, Private sector, Civil society",United States,China
Rocket Kitten,11/9/2015,"Saudi Arabia, Israel, Yemen, Venezuela, Iraq, United Kingdom, Afghanistan, Kuwait, Egypt, United Arab Emirates, Turkey, Syria, Iran, Canada, Jordan",Iran (Islamic Republic of),Espionage,"Government, Military",United Kingdom,Iran
Network compromise at the Australian Bureau of Meteorology,12/1/2015,Bureau of Meteorology,China,Espionage,Government,Unknown,China
Compromise of the Japanese pension system,6/1/2015,Japan Pension Service,,Espionage,Government,Japan,Unknown
Equation Group,2/16/2015,"Iran, Russia, Pakistan, Afghanistan, India, China, Syria, Mali, Lebanon, Yemen, Algeria, United Arab Emirates, Kenya, United Kingdom, Libya",United States,Espionage,"Government, Military",United Kingdom,United States
Compromise of a Pentagon legacy system,6/4/2015,Pentagon,Russian Federation,Espionage,Military,Unknown,Russia
Compromise at the Office of Personnel Management,7/10/2015,Office of Personnel Management,China,Espionage,Government,Unknown,China
Hellsing,4/15/2015,"Malaysia, Philippines, India, Indonesia, United States",China,Espionage,Government,United States,China
Compromise of an unclassified network associated with the U.S. Joint Chiefs of Staff,7/28/2015,Joint Chiefs of Staff,Russian Federation,Espionage,Military,Unknown,Russia
Compromise of United Airlines,7/29/2015,United Airlines,China,Espionage,Private sector,Unknown,China
Targeting of Ukrainian law enforcement and government officials,3/13/2015,Ukraine,Russian Federation,Espionage,"Military, Government",Ukraine,Russia
Compromise of the Seoul subway system,10/5/2015,Seoul Subway System,Korea (Democratic People's Republic of),Espionage,Government,Unknown,North Korea
Disruption of GitHub,3/27/2015,GitHub,China,Denial of service,Private sector,Unknown,China
Compromise of the Permanent Court of Arbitration's website,10/16/2015,Permanent Court of Arbitration,China,Espionage,Government,Unknown,China
Compromise of unclassified White House networks,4/7/2015,"White House, U.S Department of State",Russian Federation,Espionage,Government,Unknown,Russia
Compromise of South Korean government computers (2015),10/20/2015,Members of the National Assembly,Korea (Democratic People's Republic of),Espionage,Government,Unknown,North Korea
Blue Termite,8/20/2015,Japan,,Espionage,"Government, Private sector",Japan,Unknown
Attempted compromise of the Dutch organization investigating the crash of flight MH17,10/22/2015,Dutch Safety Board,Russian Federation,Espionage,Government,Netherlands,Russia
Compromise of networks in the Saudi government ministries,5/21/2015,"Ministry of Foreign Affairs, Ministry of the Interior, Ministry of Defense",Iran (Islamic Republic of),Espionage,"Government, Military",Unknown,Iran
Compromise of social media accounts of State Department officials,11/24/2015,U.S. Department of State,Iran (Islamic Republic of),Espionage,Government,United States,Iran
Lotus Blossom,7/28/2014,"Japan, Hong Kong, Taiwan, Philippines, Indonesia, Vietnam",China,Espionage,"Military, Government",Philippines,China
Compromise of Community Health Systems,9/8/2014,Community Health Systems,China,Espionage,Private sector,Unknown,China
Crouching Yeti,7/31/2014,"United States, Spain, Japan, Germany, France, Italy, Turkey, Ireland, Poland, China, Russia, Ukraine, United Kingdom, Greece",Russian Federation,Espionage,"Private sector, Government",United Kingdom,Russia
DragonOK,9/10/2014,"Japan, Taiwan, Russia",China,Espionage,Private sector,Russia,China
Compromise of U.S. Transportation Command Contractors,9/17/2014,Contractors of U.S. Transportation Command,China,Espionage,"Military, Private sector",United States,China
Turla,8/7/2014,"France, Russia, Belarus, Romania, United States, Netherlands, Kazakhstan, Saudi Arabia, Iran, Poland, Germany, Uzbekistan, Tajikistan, India, Iraq, Austria, Armenia",Russian Federation,Espionage,"Government, Military",United States,Russia
Moafee,9/10/2014,United States,China,Espionage,Private sector,United States,China
Compromise of Sony Pictures Entertainment,12/3/2014,Sony Pictures Entertainment,Korea (Democratic People's Republic of),Doxing,Private sector,Unknown,North Korea
Axiom,9/24/2014,"United States, United Kingdom, Germany, Netherlands, Belgium, Switzerland, Italy, Russia, China, Japan, Indonesia",China,Espionage,"Government, Private sector",United Kingdom,China
APT 28,10/28/2014,"Georgia, NATO, OSCE, France, Ukraine, United Kingdom, Jordan, Belgium, Germany, United States, Pakistan, Poland, Hungary, Asia Pacific Economic Cooperation, European Commission, World Anti-Doping Agency, International Association of Athletics Federations, Afghanistan, Armenia, Turkey, Kazakhstan, Tajikistan, Mongolia, China, Japan, Canada, Organization for the Prohibition of Chemical Weapons, Court of Arbitration for Sport, Federation Internationale de Football Association, Burisma, Organizations and individuals associated with U.S. politics, Azerbaijani government networks, Unnamed U.S. federal agency",Russian Federation,,"Government, Military, Private sector",United Kingdom,Russia
Sandworm,11/3/2014,"Russia, Ukraine, Poland, Lithuania, Belarus, Azerbaijan, Kyrgyzstan, Kazakhstan, Iran, Israel, Georgia",Russian Federation,Espionage,"Private sector, Government",Azerbaijan,Russia
DarkHotel,11/10/2014,"Japan, Taiwan, China, Russia, South Korea, World Health Organization, North Korea",Korea (Republic of),Espionage,Private sector,North Korea,South Korea
Charming Kitten,5/28/2014,"U.S. government/defense sector websites, Israel, United Kingdom, Saudi Arabia, Iraq, Individuals associated with the U.S. government or 2020 presidential election",Iran (Islamic Republic of),Espionage,"Government, Military",United Kingdom,Iran
APT 18,9/2/2014,United States,China,Espionage,"Government, Private sector, Civil society",United States,China
Operation Cleaver,12/2/2014,"Canada, China, United Kingdom, France, Germany, India, Israel, United States, Kuwait, Mexico, Pakistan, Qatar, Saudi Arabia, South Korea, Turkey",Iran (Islamic Republic of),Espionage,"Private sector, Government",United Kingdom,Iran
Attempted compromise of Ukrainian email accounts,12/9/2014,Ukraine,Russian Federation,Espionage,"Government, Military",Ukraine,Russia
Cloud Atlas,12/10/2014,"Russia, Kazakhstan, Belarus, India, Czech Republic",Russian Federation,Espionage,Government,Kazakhstan,Russia
Compromise of the Sands Casino,12/12/2014,Las Vegas Sands Corporation,Iran (Islamic Republic of),Data destruction,Private sector,Unknown,Iran
Indictment of PLA officers,5/19/2014,"Westinghouse, Solar World, U.S. Steel, ATI, USW, Alcoa",China,Espionage,Private sector,United States,China
Attack on a German steel plant,12/22/2014,Unnamed German steel mill,,Sabotage,Private sector,Germany,Unknown
Compromise of Boeing,7/12/2014,United States,China,Espionage,Private sector,United States,China
Machete,8/20/2014,"Venezuela, Ecuador, Colombia, Russia, Brazil, Peru, Cuba, Spain, Sweden, China, Germany, United States, Belgium, France, Malaysia",,Espionage,"Military, Government",United States,Unknown
Compromise of Canada's National Research Council,7/29/2014,National Research Council,China,Espionage,Government,Unknown,China
APT 12,9/3/2014,"Japan, Taiwan",China,Espionage,"Private sector, Government",Taiwan,China
Compromise of U.S. Investigations Services,8/6/2014,USIS,China,Espionage,Private sector,Unknown,China
Careto,2/10/2014,"Morocco, Brazil, United Kingdom, France, Spain, Switzerland, Libya, United States, Iran, Venezuela, South Africa, Germany, Poland, Tunisia",Spain,Espionage,"Government, Private sector",United Kingdom,Spain
Fake Occupy Central apps,9/17/2014,Pro-democracy occupy central activists,China,Espionage,Private sector,Unknown,China
Snowglobe,3/21/2014,"Syria, Iran, Malaysia, United States, China, Turkey, Netherlands, Germany, United Kingdom, Russia, Algeria, Ivory Coast, Spain, Norway, Greece",France,Espionage,"Government, Private sector",United Kingdom,France
Compromise of iCloud in China,10/21/2014,Apple iCloud in China,China,Espionage,Private sector,China,China
Saffron Rose,5/12/2014,"United States, Iranian internet activists",Iran (Islamic Republic of),Espionage,"Military, Civil society",United States,Iran
Compromise of the U.S. State Department,10/28/2014,U.S. Department of State,Russian Federation,Espionage,Government,United States,Russia
Compromise of the U.S. Postal Service,11/9/2014,U.S. Postal Service,China,Espionage,Government,United States,China
Regin,11/24/2014,"Algeria, Afghanistan, Belgium, Brazil, Fiji, Germany, Iran, India, Indonesia, Kiribati, Malaysia, Pakistan, Syria, Russia","United Kingdom, United States",Espionage,"Government, Private sector",Afghanistan,United Kingdom
Putter Panda,6/10/2014,U.S. satellite and aerospace sector,China,Espionage,"Private sector, Government",United States,China
Compromise of the U.S. National Oceanic and Atmospheric Administration,11/12/2014,National Oceanic and Atmospheric Agency,China,Espionage,Government,Unknown,China
Patchwork,5/19/2013,"Bangladesh, Sri Lanka, Pakistan",India,Espionage,"Private sector, Military",Bangladesh,India
Compromise of the Finnish Ministry of Foreign Affairs,11/1/2013,Ministry for Foreign Affairs,Russian Federation,Espionage,Government,Unknown,Russia
Kimsuky,9/11/2013,"Ministry of Unification, Sejong Institute, Korea Institute for Defense Analyses, UN officials, including those affiliated with the UN Security Council",Korea (Democratic People's Republic of),Espionage,"Government, Private sector",Unknown,North Korea
admin@338,10/31/2013,"Hong Kong, United States",China,Espionage,"Government, Private sector, Civil society",United States,China
Mirage,12/11/2013,"European Union, India, United Kingdom",China,Espionage,Government,United Kingdom,China
The Dukes,2/1/2013,"United States, Georgia, Brazil, China, Japan, Mexico, New Zealand, South Korea, Turkey, Ukraine, Belgium, Portugal, Romania, Kazakhstan, India",Russian Federation,Espionage,"Government, Private sector",United States,Russia
Compromise of unclassified U.S. Navy network,9/27/2013,U.S. Navy,Iran (Islamic Republic of),Espionage,Military,United States,Iran
NetTraveler,6/4/2013,"Mongolia, India, Russia, Kazakhstan, Kyrgyzstan, China, Tajikstan, South Korea, Spain, Germany, United States, Canada, United Kingdom, Chile, Morocco",China,Espionage,"Government, Military",United Kingdom,China
Sykipot,9/4/2013,"United States, United Kingdom, Hong Kong",China,Espionage,"Private sector, Military",United Kingdom,China
Icefog,9/25/2013,"South Korea, Japan, China, United States, Germany",China,Espionage,"Government, Military",United States,China
Deep Panda,1/1/2013,United States,China,Espionage,"Private sector, Military",United States,China
Red October,1/14/2013,"Russia, Kazakhstan, Azerbaijan, Belgium, India, Afghanistan, Armenia, Iran, Turkmenistan, Ukraine, United States, Vietnam, Belarus, Greece, Italy",Russian Federation,Espionage,"Government, Private sector",United States,Russia
Compromise of EADS and ThyssenKrupp,2/25/2013,"European Aeronautic Defense and Space Company (EADS), ThyssenKrupp",China,Espionage,Private sector,Unknown,China
PLA Unit 61398,2/19/2013,"United States, United Kingdom, Switzerland, Taiwan, Singapore, Canada, Israel, India, France, Norway, Belgium, Luxembourg, United Arab Emirates, South Africa, Japan",China,Espionage,"Private sector, Government",United Kingdom,China
Compromise of the Indian Defense Research and Development Organization,3/13/2013,"Indian Defense Research Organization, Defense Research and Development Lab",China,Espionage,Military,India,China
Team Spy Crew,3/20/2013,"Hungary, Belarus",Russian Federation,Espionage,"Government, Private sector",Belarus,Russia
Unresponsive computer networks in South Korea,5/20/2013,South Korea,Korea (Democratic People's Republic of),Denial of service,Private sector,South Korea,North Korea
Anchor Panda,3/22/2013,"United States, Germany, Sweden, United Kingdom, Australia",China,Espionage,"Government, Military",United Kingdom,China
Compromise of Australian government agencies,5/27/2013,"Australian Security Intelligence Organization, Department of the Prime Minister and Cabinet, Department of Defense, Department of Foreign Affairs, and Trade",China,Espionage,"Government, Military",Australia,China
Compromise of Saudi Aramco and RasGas,8/16/2012,Saudia Arabia Aramco Company,Iran (Islamic Republic of),Data destruction,Private sector,Saudi Arabia,Iran
Flame,5/28/2012,"Iran, Israel, Palestine, Sudan, Syria, Lebanon, Saudi Arabia, Egypt, Hungary, Austria, Russia, United Arab Emirates, France","United States, Israel",Data destruction,"Military, Private sector",Saudi Arabia,United States
Madi,7/17/2012,"Iran, Israel, United States, Pakistan",Iran (Islamic Republic of),Espionage,"Government, Private sector",United States,Iran
Compromise of Nortel,2/14/2012,Nortel Networks,China,Espionage,Private sector,Unknown,China
Gauss,8/9/2012,"Lebanon, Palestine, Israel, United States, Iran, United Arab Emirates, Qatar, Jordan, Germany , Egypt","United States, Israel",Espionage,Private sector,United States,United States
Attempted compromise of the BBC Persian TV service,3/14/2012,BBC Persian TV,Iran (Islamic Republic of),Denial of service,Private sector,Unknown,Iran
Sneaky Panda,9/14/2012,"United States, Hong Kong, Taiwan, Canada, Australia, China, United Kingdom, India, Denmark, Switzerland",China,Espionage,"Private sector, Civil society",United Kingdom,China
SabPub,4/16/2012,"India, United States, United Kingdom, Spain, France",China,Espionage,Government,United Kingdom,China
ITSecTeam,9/18/2012,"Bank of America, Citigroup, Wells Fargo, US Bancorp, PNC, Capital One, Fifth Third Bank, BB&T, HSBC",Iran (Islamic Republic of),Denial of service,Private sector,United States,Iran
Denial of service attacks against U.S. banks in 2012–2013,9/18/2012,"Bank of America, Citigroup, Wells Fargo, US Bancorp, PNC, Capital One, Fifth Third Bank, BB&T, HSBC",Iran (Islamic Republic of),Denial of service,Private sector,United States,Iran
Compromise of Coca-Cola,11/4/2012,Coca-Cola,China,Espionage,Private sector,Unknown,China
Lucky Cat,3/30/2012,"India, Japan",China,Espionage,"Civil society, Private sector",India,China
Syrian Electronic Army,1/1/2011,"Syrian Dissidents, Humanitarian Groups, Western Media Outlets, Associated Press, U.S. government websites, Twitter, PayPal, eBay",Syrian Arab Republic,,"Civil society, Private sector, Military, Government",Syria,Syria
Compromise of the U.S. Chamber of Commerce,12/21/2011,U.S. Chamber of Commerce,China,Espionage,Government,United States,China
Denial of service incident against South Korean and U.S. targets,4/9/2011,"South Korea, U.S. Forces Korea",Korea (Democratic People's Republic of),Denial of service,"Government, Military",South Korea,North Korea
Denial of service incident against a South Korean bank,4/18/2011,National Agricultural Cooperative Federation,Korea (Democratic People's Republic of),Denial of service,Private sector,Unknown,North Korea
Compromise of Oak Ridge National Laboratory,4/19/2011,Oak Ridge National Laboratory,China,Espionage,"Government, Private sector",Unknown,China
Shady RAT,8/3/2011,"United States, Canada, South Korea, Taiwan, Japan, Switzerland, United Kingdom, Indonesia, Vietnam, Singapore, Hong Kong, Germany, India, United Nations, International Olympic Committee",China,Espionage,"Government, Military",United Kingdom,China
Compromise of a Taiwanese political party,8/9/2011,Democratic Progressive Party,China,Espionage,Government,Unknown,China
Compromise of certificate issuer DigiNotar,9/6/2011,DigiNotar,,Espionage,"Government, Private sector",Unknown,Unknown
Compromise at Mitsubishi Heavy Industries,9/19/2011,Mitsubishi Heavy Industries,,Espionage,Private sector,Unknown,Unknown
Nitro attacks,10/31/2011,"United States, Bangladesh, United Kingdom, Argentina, Singapore, China, Taiwan, Germany, Czech Republic, Hong Kong, India, Netherlands, Finland, South Korea, France",China,Espionage,"Government, Private sector",South Korea,China
Duqu,10/26/2011,"Iran, Sudan",Israel,Espionage,Military,Iran,Israel
Interference with NASA satellite Landsat 7,11/9/2011,NASA,China,Espionage,Government,Unknown,China
Compromise of Canadian government departments,2/16/2011,"Treasury Board of Canada, Department of Finance, Defense Research and Development Canada",China,Espionage,Government,Canada,China
Interference with NASA satellite Terra (EOS AM-1),11/9/2011,NASA,China,Espionage,Government,Unknown,China
Compromise of RSA SecureID tokens,3/19/2011,RSA,China,Espionage,Private sector,Unknown,China
Operation Aurora,1/14/2010,"Google, Adobe, Juniper Networks, Rackspace, Yahoo, Symantec, Northtrop Grumman, Morgan Stanley, Dow Chemical",China,Espionage,Private sector,Unknown,China
Defacement of Baidu,1/12/2010,Baidu,Iran (Islamic Republic of),Defacement,Private sector,Unknown,Iran
Compromise of the Indian Prime Minister's Office,1/14/2010,Prime Minister's Office,China,Espionage,Government,Unknown,China
Malware targets Vietnamese users,3/30/2010,Vietnamese political activists,Vietnam,Denial of service,Government,Vietnam,Vietnam
Night Dragon,1/25/2010,"Marathon Oil, ExxonMobil, ConocoPhillips",China,Espionage,Private sector,Unknown,China
Compromise of three Australian mining companies,4/19/2010,"Rio Tinto, BHP Billiton, Fortescue Metals",China,Espionage,Private sector,Unknown,China
Shadow Network,4/6/2010,"National Security Council, Ministry of External Affairs, Institute for Defence Studies and Analyses, United Nations",China,Espionage,"Military, Government",Unknown,China
Stuxnet,7/22/2010,"Iran, Indonesia, India, Azerbaijan, Pakistan, Malaysia, United States, Uzbekistan, Russia, United Kingdom, South Korea, Taiwan","Israel, United States",Sabotage,Military,United Kingdom,United States
Compromise of the office of Senator Ben Nelson,3/20/2009,Office of Senator Ben Nelson,China,Espionage,Government,Unknown,China
Compromise of computers associated with the Joint Strike Fighter program,4/21/2009,U.S. Department of Defense,China,Espionage,Military,United States,China
Fourth of July incident,7/8/2009,"South Korea, United States",Korea (Democratic People's Republic of),Denial of service,"Government, Private sector",United States,North Korea
GhostNet,3/28/2009,"Iran, Bangladesh, India, South Korea, Germany, Pakistan, Taiwan, Thailand, Indonesia, Philippines, Latvia, Portugal, Barbados, China",China,Espionage,"Government, Private sector",South Korea,China
Offensive cyber campaign against Georgia,8/13/2008,Georgia,Russian Federation,Denial of service,Government,Unknown,Russia
Targeting of pro-Tibet activist groups,3/21/2008,"Tibet Support Network, Human Rights in China, Students For a Free Tibet",China,Espionage,Civil society,China,China
Compromise of Indian military computers,5/5/2008,"Ministry of External Affairs, India National Informatics Centre",China,Espionage,"Military, Government",India,China
Compromise of U.S. presidential campaigns in 2008,11/4/2008,"Obama Campaign, McCain Campaign",China,Espionage,Civil society,Unknown,China
Compromise at NASA Kennedy Space Center,11/19/2008,NASA,China,Espionage,Government,Unknown,China
"Compromise of NASA network in Washington, DC",11/19/2008,NASA,China,Espionage,Government,Unknown,China
Agent.btz,11/28/2008,"United States, Russia, Spain, Italy, Kazakhstan, Germany, Poland, Latvia, Lithuania, United Kingdom, Ukraine",Russian Federation,Espionage,"Military, Private sector",United Kingdom,Russia
Estonian denial of service incident,5/16/2007,Estonia,Russian Federation,Denial of service,"Military, Government",Estonia,Russia
Compromise at the Department of Homeland Security,9/24/2007,U.S. Department of Homeland Security,China,Espionage,Military,United States,China
Attack on the Syrian Air Force,10/4/2007,Syrian Arab Air Force,Israel,Denial of service,Military,Syria,Israel
Compromise of Chinese government computers,10/23/2007,"China Aerospace Science & Industry Corporation, National Defense Research Institutes, Military Industrial Labs, Ministry of Foreign Affairs","Taiwan, United States",Denial of service,"Government, Military",China,United States
Targeting of U.S. National Laboratories,12/7/2007,"Oak Ridge National Laboratory, Los Alamos National Laboratory, Lawrence Livermore National Laboratory, U.S. Department of Energy, National Nuclear Security Administration",China,Espionage,"Government, Private sector",United States,China
Compromise of National Defense University,1/12/2007,National Defense University,China,Espionage,Military,Unknown,China
Secretary of defense email incident,6/22/2007,U.S. Department of Defense,China,Espionage,Military,United States,China
Compromise of German government networks,8/27/2007,"German Chancellery, Ministry of Foreign Affairs, Ministry for Economic Affairs and Energy, Ministry of Education and Research",China,Espionage,Government,Germany,China
Compromise of French Defense Ministry website,9/9/2007,French Defence Ministry,China,Espionage,Military,France,China
Attempted compromise of Australian and New Zealand government computers,9/12/2007,"Australia, New Zealand",China,Espionage,Government,New Zealand,China
Compromise at the State Department,7/11/2006,U.S. Department of State,China,Espionage,Government,United States,China
Compromise of the Pentagon’s NIPRNet,8/17/2006,U.S. Department of Defense,China,Espionage,Military,United States,China
Compromise at U.S. Naval War College,12/4/2006,Naval War College,China,Espionage,Military,Unknown,China
Titan Rain,8/25/2005,"U.S. Department of State, U.S. Department of Defense, U.S. Department of Energy, U.S. Department of Homeland Security, NASA, UK Ministry of Defense, UK House of Commons, UK Foreign Office",China,Espionage,"Military, Government",United States,China
Trisis,,Saudi Arabia,,Sabotage,Private sector,Saudi Arabia,Unknown
APT-C-23,,Israel Defense Forces,"Palestine, State of",,,Israel,Palestine
"Compromises of government embassies, telecommunications companies, and a Russian oil company",,"Russian Federation, Pakistan, Saudi Arabia, Turkey, North America",Iran (Islamic Republic of),Espionage,"Government, Private sector",Russia,Iran
Kimusky,,"France, Slovakia, Stanford University, U.S. Think Tanks, UK Think Tanks",,,"Government, Private sector",Slovakia,Unknown
Leafminer,,"Egypt, Israel, Saudi Arabia, United Arab Emirates, Bahrain, Iran, Azerbaijan, Afghanistan",Iran (Islamic Republic of),,"Private sector, Government",Saudi Arabia,Iran
Allanite,,"United States, United Kingdom",Russian Federation,Espionage,Private sector,United Kingdom,Russia
Targeting of sporting and anti-doping organizations ahead of 2020 Tokyo Olympics,,Sixteen national and international sporting and anti-doping organizations across three continents,Russian Federation,Espionage,"Civil society, Government",Unknown,Russia
